,0,1,2,3,4,5,6,7,8,9,10,11,12,13,14,15,16,17,18,19,20,21,22,23,24,25,26,27,28,29,30,31,32,33,34,35,36,37,38,39,40,41,42,43,44,45,46,47,48,49,50,51,52,53,54,55,56,57,58,59,60,61,62,63,64,65,66,67,68,69,70,71,72,73,74,75,76,77,78,79,80,81,82,83,84,85,86,87,88,89,90,91,92,93,94,95,96,97,98,99,100,101,102,103,104,105,106,107,108,109,110,111,112,113,114,115,116,117,118,119,120,121,122,123,124,125,126,127,128,129,130,131,132,133,134,135,136,137,138,139,140,141,142,143,144,145,146,147,148,149,150,151,152,153,154,155,156,157,158,159,160,161,162,163,164,165,166,167,168,169,170,171,172,173,174,175,176,177,178,179,180,181,182,183,184,185,186,187,188,189,190,191,192,193,194,195,196,197,198,199,200
0,2,0,2,0,0,1,0,0,0,1,1,2,0,0,0,0,3,2,0,0,2,2,1,0,0,0,0,0,0,2,1,1,2,2,0,1,1,1,0,2,0,1,1,0,3,0,3,0,2,0,1,3,1,0,0,6,0,0,0,2,1,2,1,1,1,1,2,1,1,2,0,1,2,0,1,1,1,1,0,1,0,3,1,7,0,2,3,0,0,2,1,0,6,1,0,6,4,6,0,0,0,3,0,0,2,0,0,1,2,0,1,0,0,0,0,1,0,0,1,2,2,0,1,8,1,1,0,8,1,2,1,11,0,0,1,1,0,1,0,0,0,0,0,0,0,0,0,0,0,2,0,1,1,0,0,0,3,0,2,3,0,2,0,7,1,0,0,1,1,0,1,3,0,2,1,0,2,1,0,0,0,0,4,0,0,1,1,3,0,1,0,0,1,4,0,2,0,4,0,0,0
1,1,0,1,0,0,2,1,0,2,0,4,2,1,0,2,1,3,2,0,3,0,4,3,0,3,4,0,0,0,2,2,0,0,6,1,1,1,3,1,1,1,2,0,0,1,0,0,2,1,1,0,5,0,0,3,3,0,0,7,0,3,1,0,0,0,0,1,2,2,2,0,0,0,1,0,2,1,0,1,0,0,1,1,1,0,5,0,0,4,3,0,0,3,3,0,0,1,0,1,1,0,3,0,8,1,0,1,0,2,0,2,1,0,1,1,0,0,1,3,0,5,0,1,0,2,4,4,5,0,3,0,3,0,0,0,1,1,0,1,1,0,0,2,1,2,0,0,0,0,2,0,0,0,1,0,2,0,1,1,3,4,0,0,1,2,2,4,0,1,2,0,0,1,1,1,7,2,1,0,1,0,0,0,0,1,0,0,0,0,1,4,1,1,0,2,0,0,1,0,0,0
2,0,0,1,2,0,1,1,3,0,0,1,1,0,1,0,1,2,0,0,1,0,0,0,0,0,0,0,0,1,0,0,1,0,1,0,0,0,0,2,1,2,0,2,2,5,4,1,0,0,2,1,1,1,3,2,0,0,0,0,4,2,2,0,0,0,1,1,0,1,0,2,0,5,1,0,0,2,0,0,1,3,1,0,2,1,0,1,0,0,1,0,0,11,0,0,0,6,0,0,1,0,4,1,0,1,0,2,1,0,0,0,1,2,1,0,0,0,2,0,0,0,0,0,3,0,0,0,7,0,1,0,8,0,0,0,0,1,1,1,0,0,0,0,3,1,2,0,1,0,2,0,2,0,0,0,0,1,0,1,0,0,0,0,2,0,1,0,0,0,1,1,3,0,2,1,0,0,1,0,0,1,1,0,0,0,0,2,0,0,2,0,1,1,0,1,0,1,2,0,0,0
3,0,0,0,1,0,0,1,3,1,0,0,1,0,0,1,0,0,2,1,2,1,0,1,0,1,0,0,1,1,1,2,0,0,1,0,0,0,0,2,0,1,0,1,1,1,2,1,2,0,1,0,1,0,2,4,5,0,1,0,2,2,1,1,1,0,1,2,2,1,0,0,0,11,1,0,2,0,1,0,2,0,5,1,1,0,0,0,3,1,1,1,4,4,1,2,0,1,1,1,3,0,5,2,0,1,1,5,2,1,1,0,3,1,2,1,0,0,3,1,2,1,0,1,1,1,1,1,2,5,2,1,3,0,2,1,1,0,3,0,3,0,2,0,2,0,2,1,0,0,1,1,6,0,0,0,0,2,0,1,2,0,3,0,1,1,3,2,3,1,1,3,1,3,1,2,1,2,2,1,2,3,1,1,0,2,0,0,1,5,3,2,0,0,3,0,1,1,1,1,0,0
4,0,0,0,0,1,1,1,0,0,0,0,0,0,1,0,0,0,1,2,0,1,3,2,1,0,1,0,0,0,0,1,1,0,2,0,1,3,0,4,0,0,0,2,0,5,1,6,0,2,2,0,1,3,2,0,0,0,0,0,1,2,1,2,0,0,1,0,6,1,0,1,1,0,0,0,0,2,1,1,0,3,1,2,1,0,1,2,3,0,0,0,0,13,2,0,5,3,2,1,1,4,2,1,1,1,0,0,2,0,0,1,0,0,0,0,0,0,0,0,0,1,1,2,1,7,2,1,5,1,3,2,7,0,3,1,0,1,1,0,2,2,0,3,1,3,0,0,1,2,0,1,0,2,0,0,0,1,0,0,1,1,1,0,2,0,1,0,0,0,2,0,3,0,1,1,0,0,1,0,2,0,0,0,2,2,0,2,1,1,2,2,2,0,7,0,0,0,2,0,1,0
5,0,0,1,0,0,0,0,0,0,0,3,0,0,0,0,0,1,4,0,1,1,1,0,0,1,1,0,0,1,0,2,0,1,0,0,0,1,0,2,0,0,0,0,2,0,0,0,2,1,2,2,1,3,1,0,3,2,0,0,1,1,2,0,0,0,0,0,1,0,0,0,0,0,0,1,0,0,0,0,1,1,0,0,0,0,2,0,0,0,2,0,3,5,2,1,5,4,2,0,1,0,1,0,0,0,0,0,1,0,0,0,0,0,1,1,0,0,1,6,0,0,0,1,1,1,4,1,1,0,2,1,4,0,2,0,0,9,0,1,1,0,0,0,1,1,1,1,1,2,0,0,2,1,0,0,1,0,1,0,0,1,0,1,1,0,1,0,2,0,0,0,1,0,1,0,1,0,1,0,0,1,0,0,1,1,0,0,0,0,0,1,0,13,1,2,0,1,1,0,0,0
6,0,0,0,0,0,1,2,0,0,0,3,0,0,0,0,0,0,1,2,2,0,0,1,0,1,0,0,0,0,0,2,1,2,2,1,0,0,2,0,0,0,0,0,2,0,0,1,0,1,0,0,2,2,0,0,4,1,1,0,0,0,3,1,0,0,0,0,0,0,0,1,0,1,0,0,1,0,0,0,0,2,1,2,1,0,0,1,1,1,0,1,1,3,0,0,2,3,1,0,0,0,0,0,1,0,1,0,1,1,0,0,0,0,0,1,0,0,0,2,0,0,0,1,0,1,1,0,1,0,2,0,4,0,1,0,1,9,1,0,2,1,1,0,0,1,0,0,0,1,0,0,1,0,1,0,0,1,0,1,0,0,2,0,0,0,0,0,0,1,0,1,3,3,0,0,4,0,0,0,1,0,0,1,1,1,0,1,0,1,2,0,0,25,2,0,0,0,0,0,0,0
7,0,0,0,3,1,1,0,1,0,1,0,3,1,1,2,0,0,1,0,0,5,0,1,2,0,0,2,0,0,4,5,1,5,0,3,0,0,0,0,0,5,0,1,8,1,5,2,3,0,3,4,1,1,1,2,0,0,3,0,1,1,0,4,1,0,3,0,1,0,2,0,1,2,0,2,0,4,3,0,2,5,0,0,0,1,3,0,1,0,1,1,1,9,1,4,5,1,4,1,1,0,3,2,0,2,0,3,3,4,3,0,3,0,0,2,0,1,0,0,0,1,0,0,2,0,3,0,3,0,1,2,1,1,0,0,1,2,2,1,0,3,1,1,0,1,0,0,1,4,1,1,3,4,1,0,0,1,2,0,2,2,2,0,0,1,0,3,2,0,1,2,1,3,1,1,0,1,1,0,3,1,1,1,5,3,0,0,2,1,1,1,0,4,0,3,0,1,0,2,1,0
8,3,0,0,1,0,0,2,0,0,0,0,0,0,1,0,0,0,0,2,2,1,0,3,0,0,0,0,0,1,1,1,0,0,0,1,0,4,0,6,0,2,1,1,3,2,1,2,1,2,0,2,0,0,0,0,6,0,1,2,1,1,2,2,0,0,0,5,3,1,2,0,1,0,0,1,1,1,0,1,0,0,3,1,0,1,1,1,0,0,1,0,0,4,2,0,2,3,3,1,1,0,1,0,1,1,0,1,2,2,0,1,0,0,0,0,0,2,0,2,1,0,1,1,2,0,2,0,3,0,2,1,5,3,1,1,2,3,0,1,1,3,0,2,0,1,0,0,1,0,0,1,1,2,0,1,0,1,0,1,0,0,0,0,1,0,2,1,1,0,0,0,2,1,1,0,0,2,0,0,0,1,0,0,2,1,0,0,1,1,2,2,0,0,2,0,1,1,1,0,0,0
9,0,0,3,0,0,0,0,0,1,1,1,1,2,1,0,0,1,0,0,0,0,2,0,1,0,1,1,0,0,0,5,0,0,1,0,0,0,0,1,1,2,2,0,0,2,0,0,1,0,1,1,0,3,0,1,5,2,0,2,1,0,1,0,0,0,6,0,3,0,1,0,1,0,0,0,1,0,1,1,0,2,0,1,4,1,2,4,2,1,2,0,0,5,0,0,0,4,2,0,1,2,1,0,2,0,0,0,0,0,1,0,0,0,1,0,0,0,0,3,0,0,1,0,3,4,0,0,1,1,4,0,1,0,0,2,0,2,2,0,0,0,0,0,3,1,2,0,0,0,0,0,1,0,0,0,1,0,0,0,1,0,0,0,1,0,1,4,0,1,0,0,1,0,0,0,1,0,0,0,0,0,0,1,3,1,0,0,0,0,0,5,3,1,2,0,0,1,1,1,1,0
10,0,1,1,0,1,2,0,0,1,0,9,1,2,1,0,1,0,0,1,0,0,5,1,2,1,2,0,0,1,0,2,0,0,1,1,1,1,0,4,2,0,0,1,3,3,0,2,1,0,1,0,0,2,0,0,5,0,0,0,1,1,3,2,0,1,4,0,2,0,0,0,1,1,0,0,0,2,0,0,1,2,1,0,0,0,2,1,1,0,2,0,2,8,2,1,1,4,5,1,1,0,5,1,4,1,0,0,3,2,0,0,1,1,1,1,2,0,0,2,0,0,0,0,3,3,1,1,2,0,2,4,5,0,2,1,0,1,1,0,0,0,0,0,2,1,2,0,0,2,1,1,0,0,1,0,0,0,0,1,1,0,2,0,4,0,0,1,1,2,1,0,1,1,0,1,7,0,0,0,0,1,0,0,2,2,1,0,1,0,0,0,2,1,1,0,1,1,6,0,2,0
11,0,0,3,0,0,0,2,0,0,0,7,1,0,2,0,0,4,2,1,0,0,1,1,0,1,1,1,1,0,1,1,0,0,2,1,2,1,0,0,0,0,6,1,0,0,1,0,0,1,5,0,1,0,0,0,0,2,0,1,0,1,2,0,1,1,0,2,3,2,1,0,0,0,0,0,0,0,0,0,0,0,1,0,0,0,1,2,0,0,0,0,1,7,3,0,0,0,0,1,1,2,1,0,1,0,0,0,0,0,0,4,0,0,4,0,0,2,0,1,0,1,2,0,0,1,0,1,0,0,1,0,0,0,1,4,0,2,0,0,1,1,0,0,1,1,4,0,1,0,2,0,0,0,0,2,0,0,0,0,2,2,1,1,2,0,1,2,0,0,0,0,3,0,0,1,4,0,0,0,0,0,0,0,0,0,0,0,1,0,1,0,2,1,1,0,0,0,1,0,0,0
12,0,0,1,0,1,1,1,0,0,1,2,0,0,3,1,0,0,1,0,2,1,1,1,1,1,2,2,2,2,0,3,3,1,0,0,2,1,2,1,1,0,1,0,4,3,0,3,1,5,0,0,3,0,0,0,4,1,0,2,1,0,1,7,1,3,2,0,1,2,1,1,1,3,0,0,1,0,1,2,1,5,0,0,4,0,2,6,0,5,1,0,1,6,0,2,1,5,3,0,0,3,0,1,1,1,0,1,0,0,0,0,0,2,4,0,1,0,0,0,0,3,0,0,3,2,1,1,0,0,1,0,1,0,2,0,1,2,3,3,1,1,0,0,3,2,1,2,1,3,3,0,1,0,0,0,1,0,0,0,0,1,2,2,0,0,0,3,1,1,0,1,5,2,1,4,4,0,1,1,2,1,0,0,3,2,0,1,1,0,0,2,1,5,1,2,2,1,3,1,0,0
13,0,0,1,0,1,0,2,0,0,0,5,1,0,0,0,0,1,0,0,0,0,0,0,1,2,0,0,0,0,1,2,0,2,2,0,0,1,0,1,1,1,2,1,0,3,0,0,0,1,0,0,2,2,0,0,0,2,0,1,0,0,1,1,0,2,0,3,2,2,2,0,0,0,0,0,0,0,0,1,0,0,0,0,4,0,1,1,0,1,0,0,0,5,2,0,1,3,0,2,0,0,0,0,2,0,1,0,0,1,1,1,0,1,1,1,0,2,1,3,1,3,1,1,1,2,2,0,0,0,3,0,2,0,1,1,0,5,1,3,3,0,0,1,1,3,0,2,0,1,1,0,0,1,0,2,1,2,0,0,4,1,0,0,4,1,2,1,0,2,0,0,1,0,0,1,7,0,0,0,0,0,1,0,0,1,0,1,0,0,1,3,0,10,0,1,0,0,1,0,0,0
14,0,2,0,0,0,1,1,0,0,1,0,0,1,2,1,0,0,3,1,1,4,0,0,0,0,2,0,2,1,1,1,2,1,0,1,0,3,0,1,2,2,0,2,6,0,1,8,3,2,1,2,1,4,4,2,3,1,2,0,1,1,2,2,4,0,6,1,1,0,0,1,2,2,0,4,3,1,1,3,0,5,4,0,0,4,1,2,4,0,1,1,0,6,2,3,1,1,4,2,1,5,0,10,1,1,0,0,8,0,1,0,2,2,1,2,2,1,2,1,2,0,4,1,7,0,1,2,3,2,2,3,2,1,1,5,4,3,1,3,0,1,0,4,2,5,1,5,4,4,2,0,4,3,1,0,0,0,4,1,3,0,0,1,0,3,0,1,3,1,0,0,0,2,2,0,0,0,0,0,1,3,0,1,10,5,4,1,1,4,1,0,1,0,1,0,3,4,2,1,1,0
15,2,2,2,0,0,2,1,0,0,0,0,0,3,1,1,1,0,3,1,1,2,3,0,0,4,1,0,0,3,1,4,2,0,1,0,1,3,0,1,3,1,1,0,3,2,2,2,2,3,1,0,3,1,1,0,4,2,0,0,4,0,2,2,1,5,1,1,2,2,1,0,0,0,1,1,0,1,3,3,0,0,0,1,3,2,1,2,3,1,0,0,1,2,0,2,0,3,2,0,0,0,4,1,1,0,0,0,2,2,0,1,2,4,0,0,2,2,5,1,1,0,0,2,0,1,2,1,1,0,1,5,1,3,2,1,2,0,2,0,0,0,0,2,2,1,1,1,2,2,4,2,1,1,2,0,0,0,0,0,1,3,0,1,3,1,0,3,0,0,1,1,5,0,1,0,0,1,2,1,0,2,3,2,3,1,0,2,2,1,0,2,0,1,3,0,0,1,2,0,1,0
16,0,1,0,1,0,1,0,1,1,0,0,1,1,1,0,0,0,2,0,1,0,0,1,0,0,0,0,0,5,1,3,1,6,0,1,0,0,0,2,0,1,0,1,2,0,0,2,1,0,1,0,0,1,0,0,2,0,1,0,3,2,0,10,4,0,6,1,0,0,0,0,5,1,1,5,4,1,1,4,0,7,0,0,1,0,0,1,2,0,0,0,1,7,2,4,5,1,10,0,0,3,1,2,0,0,0,1,3,0,0,0,1,0,0,3,0,0,0,1,0,1,1,0,2,1,1,0,0,0,0,1,5,4,4,1,2,3,1,1,0,1,0,0,1,8,2,0,2,2,0,1,2,0,0,0,0,0,1,2,4,0,1,3,0,2,0,0,0,0,0,0,0,2,5,0,0,0,0,1,2,1,0,2,14,4,0,0,1,2,0,0,1,1,2,0,0,0,0,0,0,0
17,1,2,0,1,0,1,1,0,0,1,0,0,0,1,0,1,0,1,1,1,5,0,2,1,0,1,0,0,0,0,1,1,2,0,0,0,1,0,0,1,0,0,1,7,1,0,4,2,2,1,0,1,1,0,0,5,0,2,0,4,0,0,6,1,0,4,0,1,1,2,1,2,1,1,0,1,0,2,0,0,3,3,1,0,2,1,1,0,0,0,0,2,16,0,0,10,1,3,1,1,0,4,11,0,1,0,0,2,0,0,0,1,2,0,0,0,2,1,2,1,0,3,2,3,0,0,1,2,1,1,2,7,0,1,1,1,2,1,0,0,0,0,0,1,4,1,1,2,2,1,1,0,0,0,0,1,1,1,3,1,0,0,0,1,2,0,2,0,0,0,0,0,2,3,0,1,3,0,0,1,1,0,0,12,1,1,0,0,3,2,2,0,1,2,0,2,0,0,1,1,0
18,0,0,0,0,1,3,0,1,1,2,8,1,0,4,0,0,0,0,1,1,0,1,3,3,6,6,0,0,1,0,6,0,1,2,2,3,2,1,1,0,2,0,0,1,0,2,1,0,2,0,0,0,1,2,0,1,1,0,4,2,1,2,2,0,0,1,0,3,0,2,0,0,1,1,0,0,0,1,0,0,1,2,0,0,1,3,0,1,0,1,0,1,7,3,1,3,4,1,1,1,4,5,0,10,0,0,0,1,1,0,1,1,0,4,0,0,0,0,2,1,1,1,0,5,1,0,0,3,0,2,1,1,0,2,2,0,2,0,2,0,1,0,0,2,3,2,3,1,0,0,1,0,0,2,2,1,2,0,0,1,1,0,1,0,0,1,1,0,0,0,0,0,0,0,0,4,0,1,0,0,0,0,0,1,0,0,2,1,1,0,2,3,2,1,1,0,1,0,1,0,0
19,1,0,1,1,0,0,0,1,1,0,0,1,0,0,0,1,0,1,0,2,2,2,1,0,0,0,1,0,2,1,2,2,1,1,1,2,2,0,0,0,0,0,0,1,3,0,5,1,0,4,0,3,0,1,3,1,0,1,2,1,1,1,5,3,0,1,2,3,0,0,2,2,1,0,0,1,2,1,3,3,2,1,2,0,2,1,5,1,0,0,1,0,3,1,3,2,3,2,0,0,0,1,1,0,0,0,0,6,1,1,1,0,1,1,0,3,0,1,1,0,2,0,0,1,1,0,0,5,0,1,3,2,0,2,0,2,1,0,1,0,0,1,1,1,0,2,0,0,1,0,0,3,1,0,0,0,1,1,1,1,0,0,0,5,0,0,0,1,0,0,0,4,1,0,1,0,1,0,2,0,1,3,2,5,2,1,0,4,0,2,2,0,0,3,2,2,0,1,0,0,0
20,1,2,2,1,2,0,1,1,2,1,1,2,0,2,0,1,0,1,0,0,2,0,3,0,0,1,1,1,1,0,2,0,2,0,2,1,0,0,2,3,2,0,1,2,0,2,1,2,1,3,1,0,4,0,0,4,0,1,0,0,0,0,1,0,0,4,1,2,0,4,0,0,0,1,4,0,1,3,0,1,1,1,1,0,3,0,3,1,0,2,0,2,10,2,2,5,4,6,1,1,2,5,0,1,0,1,2,0,0,0,0,1,0,0,1,1,0,0,2,1,1,2,0,1,1,1,1,1,1,3,1,3,0,1,0,0,2,0,1,0,0,0,1,5,7,1,1,0,1,2,2,6,0,0,1,1,0,0,1,1,1,2,1,3,0,0,2,0,1,1,0,0,3,0,2,2,0,1,1,0,0,2,1,3,0,3,0,1,2,1,1,1,0,7,1,1,2,2,0,1,0
21,0,0,2,0,0,0,0,0,0,1,0,2,1,0,1,1,0,0,0,0,4,4,0,0,0,2,1,0,2,0,0,0,0,4,0,2,1,0,1,1,2,1,0,1,2,1,2,0,3,0,0,1,2,1,2,6,1,1,0,0,1,0,4,0,2,2,1,5,1,0,0,0,0,0,1,1,0,0,0,0,1,0,0,4,0,1,3,0,3,3,0,2,6,2,4,0,6,3,4,1,0,2,0,1,1,0,0,3,2,1,1,0,0,0,0,0,1,0,1,0,0,0,2,3,2,0,0,3,0,1,1,1,1,0,1,0,0,0,1,0,3,0,1,1,1,2,1,1,1,0,0,0,1,0,1,2,0,0,0,0,2,2,0,0,0,0,2,0,0,0,0,2,0,0,2,2,0,1,0,1,0,0,3,0,1,0,0,0,1,1,2,1,2,3,0,0,0,0,0,0,0
22,0,0,1,0,0,0,2,0,1,0,1,0,1,0,0,0,0,0,0,0,0,2,1,0,0,1,0,0,0,0,0,0,0,0,0,0,2,1,0,1,1,1,0,0,0,0,0,0,0,1,0,2,0,0,0,0,0,0,0,0,0,0,0,0,0,0,0,0,0,2,0,0,2,0,0,0,0,0,0,0,0,0,0,1,1,0,1,1,3,1,0,0,1,1,0,0,3,0,0,1,0,0,0,2,0,0,0,0,0,0,1,0,0,0,0,0,1,0,0,0,3,0,0,2,0,0,0,1,0,1,0,1,0,1,0,0,4,0,1,2,0,0,0,0,1,0,0,0,0,0,0,0,0,0,1,0,2,1,0,0,1,1,1,1,0,2,0,1,0,0,0,4,0,1,0,3,0,1,0,1,0,0,0,0,1,0,1,0,0,0,0,0,20,0,1,0,0,0,0,0,0
23,1,0,0,1,1,2,1,0,0,0,1,0,0,0,0,0,0,0,0,1,2,0,0,0,1,0,0,0,0,0,2,0,0,0,0,0,0,0,0,0,3,0,0,0,0,0,2,1,1,0,1,0,0,0,0,3,1,0,0,2,0,0,3,0,0,3,1,1,0,0,1,0,1,0,1,0,0,0,0,0,1,1,2,1,0,1,1,1,1,1,0,0,8,0,1,0,5,1,0,0,1,1,1,0,1,0,0,3,0,0,0,0,0,0,0,0,0,0,0,0,1,1,0,4,1,0,0,3,0,2,0,2,0,5,1,0,6,2,2,2,0,0,1,1,4,0,0,1,1,0,1,0,1,1,0,0,0,0,0,1,0,2,1,0,0,1,0,2,0,0,0,0,0,0,2,0,0,0,0,0,0,0,0,3,0,0,0,0,0,1,0,1,4,0,0,0,0,6,0,0,0
24,0,0,0,0,0,0,0,0,0,0,9,3,0,0,0,0,0,0,3,0,1,4,0,0,1,1,0,0,0,0,0,0,0,0,0,0,0,0,3,0,1,0,0,0,0,0,3,0,1,1,0,0,0,1,2,3,0,0,0,0,1,0,0,0,0,2,0,0,0,0,0,0,0,0,0,0,0,0,1,0,0,2,0,3,0,0,1,1,1,0,0,0,1,2,0,1,11,3,1,1,2,0,0,4,0,0,0,0,0,0,0,2,1,0,1,0,0,0,0,0,2,0,0,3,0,3,1,1,2,0,1,0,0,1,2,0,6,0,0,0,0,0,0,0,1,2,1,0,1,0,1,0,0,0,1,0,3,0,0,1,0,0,0,0,0,0,1,0,1,0,1,1,0,0,0,16,0,0,0,0,0,0,1,0,0,0,0,0,0,0,2,1,18,0,0,1,1,1,0,0,0
25,1,0,1,1,0,0,1,2,2,4,2,0,2,2,0,0,0,0,0,0,0,0,1,0,2,2,1,0,2,0,0,0,1,2,0,2,2,0,2,1,0,1,0,1,3,2,3,0,0,3,0,0,6,0,0,0,0,1,0,0,0,3,4,1,0,2,0,2,0,1,0,1,0,1,0,0,2,0,0,0,5,0,1,2,1,0,1,0,0,1,0,1,3,4,3,1,1,2,0,0,1,3,0,0,0,0,0,3,0,0,0,0,0,3,0,0,0,1,1,0,0,4,0,2,4,0,1,1,0,1,0,9,0,1,0,0,4,0,1,1,2,1,0,2,3,0,0,2,0,0,1,1,0,1,1,2,0,1,0,9,1,0,2,2,2,0,5,0,0,1,0,0,0,0,0,0,0,0,0,1,0,2,1,8,2,0,0,1,3,0,0,2,0,6,1,0,0,2,0,0,0
26,1,0,0,0,1,0,1,0,1,1,0,0,2,2,0,4,0,0,2,0,1,0,3,0,1,0,0,0,2,0,1,0,1,0,0,2,1,0,1,0,0,0,0,2,1,1,0,0,0,2,1,0,2,1,0,0,4,1,0,0,1,0,2,1,1,0,0,6,0,1,0,0,0,2,0,0,1,0,1,0,1,0,1,0,0,1,2,1,0,2,0,1,6,3,0,1,0,2,0,0,0,1,3,0,0,0,0,7,0,0,1,2,0,2,0,0,0,0,2,0,0,1,1,0,4,2,0,3,0,2,0,7,1,5,0,0,1,0,1,1,1,0,1,1,6,0,0,1,0,1,1,1,0,0,0,1,0,0,1,0,0,0,0,1,0,0,1,0,0,0,0,0,0,0,0,0,1,1,1,0,0,0,0,3,1,2,1,0,1,2,0,2,0,5,1,0,2,2,0,0,0
27,0,0,0,0,2,2,1,0,0,1,0,1,0,2,0,0,0,0,0,2,0,1,0,0,1,0,0,0,2,0,1,0,3,1,0,0,1,0,2,0,0,1,0,9,2,0,0,0,1,1,1,0,0,0,1,6,0,1,0,0,1,1,4,0,2,1,0,0,1,1,0,0,0,0,0,2,2,0,0,0,2,2,0,9,0,1,0,0,1,2,0,0,6,1,1,2,3,3,0,0,1,1,0,1,0,0,0,4,0,1,1,0,0,2,1,1,0,0,3,0,2,1,3,0,0,0,1,2,0,1,2,10,0,2,0,1,1,0,2,3,0,0,0,2,6,1,0,1,1,0,1,1,0,0,0,1,0,1,1,1,1,0,1,2,0,1,0,0,0,0,1,0,0,2,2,0,0,0,0,0,1,2,1,10,2,0,0,0,1,0,0,0,0,4,0,1,2,3,0,0,0
28,2,2,1,0,1,0,0,0,0,0,3,3,0,1,0,0,1,1,0,0,1,3,1,0,1,2,0,0,1,1,2,0,2,7,0,0,0,0,4,1,2,1,0,7,2,0,0,0,1,0,1,0,2,0,0,5,0,0,0,0,1,2,4,0,0,2,0,1,2,0,0,0,0,0,0,0,0,2,0,0,0,0,0,2,1,0,0,1,1,0,0,0,12,0,0,4,6,3,0,0,1,0,1,1,0,0,0,2,1,0,0,0,0,1,0,0,0,0,1,0,1,2,0,1,1,0,0,3,0,1,2,7,0,4,2,0,1,0,3,2,0,0,0,2,2,0,0,1,1,0,2,1,0,1,0,0,1,1,0,1,0,0,0,2,0,0,0,1,1,0,1,2,0,0,3,2,0,0,0,0,1,0,3,2,0,0,0,0,1,0,0,0,2,1,1,0,1,2,0,0,0
29,1,0,0,1,1,0,1,0,0,1,0,0,0,0,2,1,1,1,2,3,0,2,0,1,0,1,1,0,1,0,1,1,2,1,0,1,0,0,1,1,0,0,1,3,2,0,2,2,1,1,1,0,1,1,0,1,2,1,1,0,0,3,1,1,0,2,0,2,0,0,0,1,3,1,0,0,1,1,0,1,2,3,1,1,0,1,1,0,1,2,0,1,9,0,1,1,5,2,0,0,0,2,3,0,0,0,1,2,0,0,0,3,2,1,2,2,1,4,2,0,2,1,1,1,1,3,0,4,1,2,2,4,0,0,0,0,0,2,0,0,1,0,1,1,1,0,1,3,1,1,2,2,1,1,0,2,2,2,1,0,4,1,0,0,2,0,0,0,2,0,1,0,0,1,0,1,0,0,1,1,1,1,0,1,0,2,0,0,2,0,0,1,0,3,1,2,0,0,3,3,0
30,1,0,8,0,1,2,0,0,2,0,20,2,2,3,0,0,1,1,0,1,1,8,2,0,11,5,0,1,0,4,4,0,0,8,3,4,5,2,0,1,2,7,2,0,0,0,0,1,1,7,1,3,2,1,0,0,0,2,0,0,2,0,0,1,6,0,1,2,5,3,2,1,0,2,0,0,1,0,2,1,0,1,2,9,3,8,0,0,3,5,1,1,8,6,1,0,5,0,3,0,2,1,0,16,3,0,0,0,1,0,3,1,0,5,2,1,2,2,1,1,1,5,0,0,7,0,11,1,0,5,0,0,0,2,14,0,2,1,1,1,4,0,1,1,1,5,0,0,3,2,3,5,0,3,4,2,1,1,2,0,1,1,0,4,1,1,2,1,3,0,3,1,0,0,1,14,0,3,0,0,0,0,1,0,0,0,3,3,1,0,6,10,4,2,2,1,1,3,1,1,0
31,0,0,0,0,2,0,1,1,2,1,0,0,5,1,1,1,0,0,0,1,0,0,4,2,0,1,1,0,0,0,3,2,1,1,1,0,4,0,1,0,2,0,0,3,0,0,0,2,0,1,0,0,1,3,2,3,0,0,0,0,0,3,2,0,0,0,0,1,0,0,1,1,0,0,2,0,0,0,0,0,0,2,2,1,3,1,4,0,0,0,0,0,5,2,1,1,1,1,1,1,0,2,0,0,0,0,1,2,1,3,1,1,0,0,2,1,0,2,1,0,1,0,1,2,1,0,1,0,1,0,1,7,1,2,0,1,0,1,2,0,3,0,0,1,0,1,0,1,2,1,0,0,0,1,1,2,0,0,0,7,0,1,0,0,0,1,1,0,0,0,0,0,0,0,0,0,0,1,0,1,2,0,0,3,1,1,2,0,0,1,1,0,0,2,1,0,1,2,0,0,0
32,2,0,1,2,0,4,1,2,0,0,0,1,0,0,1,0,3,1,0,2,1,2,1,0,3,1,0,0,0,1,4,0,0,4,0,0,0,0,2,2,0,2,1,1,1,1,2,0,1,2,0,1,2,0,2,3,0,0,3,2,3,2,2,1,1,0,1,0,2,1,2,0,0,0,0,0,1,1,2,0,3,2,1,4,0,0,1,0,0,0,1,1,5,1,0,2,1,3,0,0,0,2,0,1,0,0,2,1,1,0,0,1,1,0,0,0,0,1,0,1,3,1,2,7,1,2,3,0,4,3,0,6,0,2,1,1,0,1,0,1,1,0,1,0,0,2,3,0,1,0,2,0,0,1,1,1,4,0,1,6,1,1,1,2,0,1,0,0,0,1,0,3,1,4,0,1,1,0,3,0,1,1,1,0,0,0,0,0,0,0,5,1,0,1,1,0,1,2,0,1,0
33,1,0,0,0,0,1,0,0,0,1,0,0,0,1,0,0,0,0,0,1,0,0,0,0,0,0,0,0,1,1,2,0,2,1,0,0,0,0,0,4,2,0,0,0,3,0,2,1,1,0,0,0,1,0,0,2,0,3,1,2,1,1,0,0,0,2,0,2,0,0,0,2,0,0,1,2,1,0,0,0,0,0,2,2,0,2,2,1,1,0,0,1,8,1,1,2,4,0,1,0,0,3,1,1,1,0,0,0,0,0,0,0,0,1,0,0,0,0,1,0,0,1,1,5,2,0,2,5,0,1,1,1,0,0,1,0,4,0,0,0,1,0,0,0,1,0,0,1,0,0,0,0,0,1,1,0,0,0,0,3,0,0,0,0,0,0,0,1,0,0,2,1,1,0,0,0,0,0,1,1,0,0,0,0,0,0,0,0,1,1,0,2,2,1,0,0,0,0,3,0,0
34,1,0,1,1,1,0,0,0,0,1,0,1,0,0,0,1,0,0,0,1,0,1,1,1,0,0,2,0,4,3,2,1,2,0,0,1,1,0,0,1,0,1,0,1,1,1,2,1,0,2,1,0,1,1,2,3,0,1,0,1,2,2,5,0,0,7,1,1,3,0,0,1,1,1,0,0,0,1,0,1,3,3,1,0,4,2,1,0,0,0,2,1,3,1,1,1,3,4,3,0,0,1,0,0,1,0,1,5,1,0,0,1,1,2,0,2,0,2,3,1,0,0,4,1,1,0,1,5,1,0,1,4,1,3,0,1,2,1,0,0,2,3,2,3,1,3,5,1,0,0,1,1,1,2,0,0,0,0,0,1,1,0,0,0,4,1,1,0,0,0,1,3,2,2,0,1,3,0,0,0,2,3,2,1,2,0,0,1,0,0,0,0,0,1,0,2,1,1,0,1,0
35,1,0,3,0,2,0,1,0,0,1,1,0,0,0,0,0,0,0,2,1,0,3,0,1,2,0,0,0,1,0,6,0,0,1,1,1,1,0,1,1,1,1,1,0,2,0,0,0,1,1,1,0,0,0,0,1,0,1,1,2,2,1,2,0,1,0,0,1,0,0,2,0,0,2,3,0,0,2,1,0,0,2,0,1,0,0,4,0,3,5,0,1,9,2,0,1,4,0,1,2,6,2,0,2,0,0,3,1,2,1,0,0,1,1,0,0,2,2,1,0,1,1,0,1,2,0,0,1,0,1,0,2,1,3,0,0,2,1,1,0,2,1,0,0,6,3,1,1,2,1,0,2,2,2,0,2,3,0,0,2,3,0,2,0,1,1,1,1,0,0,2,0,0,1,1,1,0,0,0,0,2,0,1,0,1,1,1,0,0,0,2,0,3,0,0,0,1,0,0,1,0
36,1,1,1,0,2,1,0,0,1,0,0,1,1,1,1,0,1,2,0,1,3,5,3,0,5,1,0,0,2,1,3,1,0,1,1,0,3,0,1,0,0,3,1,1,3,0,0,0,0,1,0,0,0,1,1,7,0,1,3,0,0,5,2,0,2,0,0,7,0,1,0,2,1,1,0,4,1,2,1,2,3,0,0,1,2,2,4,4,0,2,0,0,5,1,1,1,5,1,0,0,1,1,0,2,0,0,1,1,0,0,0,1,0,0,0,2,0,0,3,1,0,0,0,2,2,1,0,3,0,3,0,6,0,1,1,1,1,0,0,0,0,0,0,2,0,3,1,0,2,0,0,1,1,0,0,0,0,0,0,0,0,2,1,7,0,0,2,0,0,0,2,4,1,1,0,2,0,0,0,2,0,0,0,1,1,2,0,1,1,0,2,2,0,2,0,0,1,1,0,0,0
37,0,0,0,1,0,0,1,0,1,0,0,0,0,0,0,0,2,1,1,0,0,0,1,0,0,0,1,0,1,0,0,0,0,1,0,1,0,0,1,1,1,0,0,0,0,1,1,2,0,0,0,0,0,0,1,0,1,0,0,0,1,1,0,0,0,0,1,1,0,0,0,0,0,0,0,0,0,0,0,0,0,0,0,0,0,0,0,0,0,0,0,0,2,0,0,0,0,0,1,0,1,1,0,0,0,0,0,0,0,0,1,0,0,2,0,0,1,0,1,0,0,0,0,1,1,0,0,1,1,0,0,2,0,0,0,0,0,0,0,0,0,0,0,1,1,0,0,0,0,1,0,3,0,0,0,0,0,0,1,0,0,0,0,0,0,1,1,0,1,0,0,0,1,0,0,1,1,0,0,2,0,4,0,0,0,1,2,0,0,0,1,0,0,0,0,0,1,4,0,0,0
38,0,1,2,2,0,1,1,0,0,0,2,1,1,1,2,0,0,3,1,1,0,0,0,0,2,0,2,0,1,0,0,0,0,1,1,0,1,0,2,0,0,0,1,0,1,3,0,0,1,1,0,1,0,3,0,0,0,0,0,0,1,1,2,2,0,2,0,2,0,0,0,1,0,0,2,1,0,2,1,2,4,3,5,0,0,0,2,1,1,1,0,0,4,0,1,1,4,2,1,0,1,3,0,2,0,1,1,2,1,0,2,3,1,0,1,2,0,1,2,4,1,1,1,2,4,1,0,4,0,6,2,5,0,3,0,0,3,0,1,1,0,1,0,0,1,3,1,0,0,0,1,3,0,0,1,1,0,1,4,1,1,3,0,3,0,1,1,1,0,2,1,4,1,1,2,0,0,0,1,0,0,0,0,0,2,1,0,0,0,2,2,0,15,3,0,0,0,1,3,4,0
39,2,0,2,0,1,2,1,0,0,0,2,1,1,0,0,1,0,1,1,1,2,1,0,0,0,2,2,0,1,1,3,0,0,1,1,0,3,0,4,1,1,1,1,4,3,1,1,0,1,2,1,0,2,0,1,0,3,0,2,0,0,3,6,0,0,1,0,2,0,2,0,0,1,1,4,0,1,0,2,0,6,0,1,0,1,2,0,1,0,3,0,0,6,1,0,5,5,4,0,2,1,1,5,1,1,0,0,6,0,1,0,1,2,1,1,1,0,1,0,1,1,2,0,2,0,3,0,1,0,4,2,1,0,3,1,0,2,1,2,1,4,1,4,0,9,5,0,0,1,1,1,0,1,0,2,0,2,1,0,2,0,2,0,0,3,0,1,1,2,2,2,4,0,1,0,5,0,0,0,2,0,1,0,2,2,1,0,1,2,2,2,0,1,2,0,0,0,0,3,0,0
40,0,3,2,0,0,1,0,0,0,2,0,0,2,1,0,1,0,1,1,0,0,2,1,1,3,0,0,0,3,1,1,0,1,3,0,1,1,0,5,0,1,0,1,1,2,1,0,0,0,0,1,1,2,2,2,1,1,1,1,0,2,0,0,2,3,0,1,6,0,0,0,1,2,0,0,1,2,1,1,1,2,2,1,4,0,1,2,0,4,2,0,1,5,6,0,0,1,2,0,0,1,1,0,1,0,0,1,1,0,1,0,1,1,1,0,1,0,0,1,1,0,0,1,1,2,0,3,1,0,1,2,1,2,3,9,1,0,1,1,0,2,0,0,1,0,1,0,2,0,0,0,0,0,0,0,2,0,0,1,0,1,0,0,4,1,0,5,0,0,2,2,2,1,0,1,2,2,2,0,0,1,3,0,0,0,0,4,1,3,0,0,8,0,3,0,1,1,1,0,2,0
41,1,2,0,1,0,1,0,1,1,0,2,0,0,1,1,1,1,0,1,0,0,0,2,0,0,0,1,0,1,1,4,1,0,0,1,0,0,3,2,1,1,0,1,1,2,0,2,0,0,0,2,0,0,0,2,7,0,0,1,2,3,0,2,1,0,1,2,0,0,1,0,0,1,2,0,0,1,0,0,1,4,6,2,0,0,1,2,2,1,0,0,1,10,1,2,3,7,2,2,0,3,3,0,0,1,0,0,3,0,0,0,3,0,1,2,2,1,0,0,1,0,0,0,4,0,1,1,4,0,2,0,4,1,2,1,0,4,1,2,0,0,1,2,4,4,1,0,0,1,4,2,2,0,3,0,1,2,1,0,4,0,1,0,0,1,1,1,2,0,0,0,2,1,1,0,0,2,0,0,2,0,0,0,8,0,0,0,0,3,4,2,1,8,0,2,0,1,1,0,0,0
42,0,1,0,0,1,0,0,0,1,0,1,0,1,1,0,0,2,1,1,0,0,2,1,1,0,2,0,0,0,0,1,0,0,1,0,0,1,0,1,0,0,1,0,0,2,0,0,1,2,1,1,0,0,0,0,5,1,1,0,0,1,0,0,0,1,0,1,2,1,0,0,0,0,0,0,0,0,0,0,0,1,0,1,3,0,0,0,0,2,0,0,1,7,2,0,0,6,0,1,0,0,0,0,1,0,0,0,0,0,0,2,0,0,0,0,0,0,0,2,0,1,0,0,2,0,0,0,1,0,2,0,2,0,0,1,0,8,0,1,3,0,0,0,1,1,0,0,0,2,0,0,0,0,0,2,0,3,0,0,1,0,0,3,1,0,4,0,1,0,1,1,2,0,0,3,1,0,0,0,0,0,1,0,0,2,0,0,0,0,0,3,0,2,1,0,0,2,2,0,0,0
43,1,0,8,0,0,2,1,0,1,1,4,1,1,0,0,0,1,2,1,0,0,2,2,0,1,1,0,0,0,0,2,0,1,3,1,0,2,0,2,1,2,0,1,6,0,3,4,1,0,1,0,2,0,2,1,0,0,0,1,1,2,2,1,2,5,4,2,1,1,2,1,0,3,0,0,1,2,1,2,2,0,0,2,4,1,4,0,1,2,2,0,0,8,5,0,1,1,0,0,0,1,3,0,1,1,0,0,3,5,1,2,3,2,2,2,1,0,0,4,1,2,1,0,2,0,3,2,1,0,2,2,0,0,2,1,0,1,1,1,2,0,1,1,1,1,3,0,1,0,0,0,3,1,0,0,1,2,0,0,2,0,0,0,2,0,1,2,0,1,0,1,2,2,0,0,4,0,4,1,0,1,0,0,1,0,2,0,0,1,1,4,3,0,0,0,0,0,1,0,2,0
44,0,1,2,0,0,0,2,1,2,2,2,1,4,1,2,0,1,2,0,4,1,4,0,0,2,1,0,0,2,1,0,4,4,0,0,1,2,0,4,4,4,2,1,1,2,2,2,0,0,0,0,0,0,2,2,2,2,0,0,1,3,2,1,0,0,1,0,2,1,0,2,1,0,2,0,1,4,1,2,3,3,1,2,3,0,1,2,0,4,2,0,0,6,1,0,2,1,0,0,2,3,2,0,1,3,0,1,5,1,0,1,1,1,0,1,0,3,1,0,0,0,3,0,1,2,0,2,0,1,2,4,5,0,2,2,0,3,2,0,0,1,2,1,1,1,2,1,1,0,0,2,0,2,2,0,1,1,2,3,1,2,2,0,2,1,0,5,1,0,2,1,1,0,3,2,1,1,0,1,2,2,2,1,7,2,3,0,2,1,2,0,3,0,2,1,2,1,4,0,0,0
45,0,0,0,1,0,0,0,1,1,0,4,0,2,0,0,0,1,2,0,1,1,5,1,0,0,0,0,0,0,0,0,0,0,3,1,0,0,0,5,2,2,0,0,1,3,1,0,0,3,2,1,1,2,0,2,2,0,1,0,1,3,0,5,2,2,0,1,1,0,1,0,1,10,0,2,1,0,3,1,0,10,3,0,2,0,0,0,3,1,1,0,2,8,2,0,0,9,3,0,0,1,1,4,1,0,1,3,5,0,0,0,3,0,2,0,1,0,3,4,0,0,0,1,0,4,0,1,1,0,2,1,1,0,0,0,0,3,0,0,1,0,0,0,0,6,1,1,1,0,1,1,0,0,1,1,0,2,0,1,3,0,1,0,1,0,2,1,1,0,0,0,1,1,1,1,4,1,2,0,1,0,0,0,1,0,1,1,0,2,2,1,1,6,2,0,1,0,1,1,0,0
46,0,0,0,0,1,1,0,0,1,1,1,0,0,0,0,1,0,1,0,1,2,1,0,0,0,0,0,0,2,1,2,0,6,1,2,1,0,0,1,1,0,0,1,3,6,0,3,1,1,1,1,0,0,0,0,5,0,0,1,1,1,2,0,0,0,1,0,0,0,0,0,1,1,2,0,2,3,0,0,1,3,0,0,0,1,0,2,1,2,0,0,2,4,1,1,1,3,1,1,2,1,1,3,1,0,0,0,2,1,1,0,1,0,2,0,0,0,1,0,1,1,0,1,2,1,0,0,2,0,1,1,3,0,2,0,0,2,2,2,0,0,1,0,3,6,1,0,2,1,0,0,1,1,0,0,2,0,2,1,2,0,2,1,1,2,0,1,0,0,1,2,1,0,0,0,1,0,1,0,3,3,2,1,4,1,1,1,2,1,2,0,0,0,5,1,0,0,2,3,0,0
47,1,1,1,0,0,0,1,0,1,1,0,0,1,0,0,0,0,0,1,0,1,1,3,0,0,1,0,0,1,1,1,3,2,3,0,2,1,0,1,1,1,0,1,5,2,1,1,0,2,1,0,1,1,0,0,2,0,0,1,1,1,1,2,1,2,2,1,5,0,0,1,1,1,2,1,1,0,2,0,2,0,1,1,1,0,2,3,1,2,1,1,0,5,1,0,0,3,0,1,0,0,2,0,1,0,0,0,3,1,1,0,2,0,1,1,1,0,0,3,1,0,1,1,4,1,0,2,2,0,1,1,5,0,1,0,1,0,0,0,1,0,0,0,3,2,0,0,1,1,1,0,0,2,1,1,0,1,1,0,1,0,0,0,0,1,0,1,0,1,0,0,0,0,0,0,0,0,0,0,1,0,1,1,1,0,0,2,0,1,2,1,1,1,1,1,1,1,2,0,1,0
48,5,0,7,0,1,1,1,0,3,0,3,2,3,0,0,1,1,0,3,1,0,2,1,2,8,2,1,0,0,2,4,0,0,7,1,5,1,0,1,0,1,0,0,0,2,0,0,0,7,4,0,3,2,0,0,1,2,0,3,0,1,0,0,0,7,0,1,4,3,0,1,0,0,2,1,0,0,0,0,2,0,1,0,6,0,5,3,0,4,8,1,0,4,7,0,1,3,0,1,0,1,0,0,0,1,0,0,0,1,0,1,0,3,2,0,0,0,2,4,0,5,7,0,0,2,1,2,2,0,2,0,0,2,1,5,1,0,0,1,0,7,0,0,2,4,6,2,0,0,2,4,2,0,2,3,1,0,1,0,0,4,1,1,1,1,0,4,0,5,0,0,2,0,0,3,5,1,3,0,1,1,0,1,0,0,0,4,2,2,1,4,5,0,3,0,0,1,1,0,0,0
49,1,0,4,1,0,1,1,0,1,0,2,1,0,1,1,1,0,0,2,0,0,2,0,1,3,0,4,0,1,0,2,1,2,3,0,0,2,0,2,0,2,1,0,3,2,1,0,1,2,2,1,0,0,1,0,4,0,1,1,0,0,2,1,0,1,0,1,0,2,0,2,0,1,0,0,1,0,0,1,2,1,1,1,1,1,1,2,0,1,1,0,3,4,0,2,1,2,1,0,0,1,4,0,1,0,0,2,0,1,2,2,2,1,0,1,0,0,1,0,3,1,0,1,2,0,1,1,0,1,4,1,5,1,0,1,1,1,1,0,0,0,2,0,1,1,0,0,1,1,1,0,1,0,3,0,0,0,0,2,0,1,1,0,1,2,1,0,0,0,1,0,0,0,0,0,0,1,0,1,1,0,1,1,2,1,0,0,0,1,0,1,1,0,0,0,1,1,0,0,1,0
50,0,0,2,0,0,1,0,1,2,1,5,0,0,3,0,2,0,1,0,1,1,2,0,5,1,4,1,0,3,0,2,3,2,1,1,3,0,1,0,1,1,0,0,0,1,1,4,3,3,1,1,3,1,0,0,5,2,0,0,0,3,1,3,1,0,1,0,1,3,0,0,0,0,2,2,1,1,2,0,3,4,1,0,0,1,1,2,2,1,2,0,2,4,1,2,0,4,1,0,1,2,1,3,0,2,0,0,0,1,0,0,1,0,0,0,1,1,0,1,0,0,0,2,3,1,0,0,1,0,0,0,1,0,2,1,0,4,2,0,0,2,0,1,1,3,1,0,2,0,2,0,2,0,1,0,1,0,0,0,1,2,0,0,0,2,0,2,1,0,0,1,2,1,0,2,4,2,1,0,2,2,1,1,1,2,0,2,0,1,0,1,4,9,0,0,1,1,0,2,0,0
51,1,0,0,0,0,0,3,1,0,0,2,1,0,0,0,0,0,2,1,3,1,4,0,0,1,2,2,2,0,1,4,0,3,0,0,0,0,0,6,2,2,0,0,4,2,0,2,0,3,1,0,1,1,0,0,2,0,1,0,1,2,0,1,0,2,2,2,1,1,2,0,0,1,0,2,0,2,0,1,1,0,1,2,4,0,0,2,3,1,2,0,0,4,1,0,1,6,6,0,0,0,1,2,0,1,0,2,2,3,0,1,2,2,2,2,1,0,1,0,1,3,1,0,4,1,1,0,4,0,2,1,0,0,3,0,0,4,0,0,0,2,0,2,1,1,1,1,0,0,0,0,4,1,1,2,1,2,0,1,2,1,2,0,5,0,3,0,1,0,0,1,1,2,4,2,1,0,1,0,0,2,0,0,4,0,2,0,0,0,2,0,1,1,4,0,1,0,1,0,1,0
52,0,0,1,1,0,2,1,1,0,0,0,1,0,0,0,1,1,0,0,0,0,3,6,0,0,0,1,0,1,0,2,0,1,1,0,1,1,0,3,4,0,0,1,3,2,0,1,0,0,2,2,1,2,0,0,1,0,0,0,1,2,0,2,0,0,1,4,5,1,0,0,0,2,0,2,0,2,3,0,1,1,0,0,4,0,0,2,1,3,0,1,2,7,2,0,1,2,2,0,2,1,1,4,0,1,0,3,1,0,0,1,1,0,3,2,0,0,2,2,2,2,2,4,0,2,3,1,5,1,2,1,6,1,2,0,1,5,1,0,0,2,1,1,0,3,1,1,0,0,1,1,0,3,0,0,0,2,0,3,5,2,2,0,0,0,0,2,0,0,2,2,1,1,1,0,2,2,0,2,0,0,0,1,1,1,1,0,0,3,2,0,2,0,0,1,2,0,0,0,1,0
53,0,0,0,1,2,3,0,0,4,0,0,2,3,0,0,1,2,0,1,0,0,0,2,1,1,1,0,0,2,1,0,1,1,1,0,1,0,0,4,2,2,0,0,4,1,0,4,2,1,2,1,2,2,0,0,3,1,0,0,5,1,4,2,0,0,3,0,1,0,0,0,0,1,2,0,0,0,1,0,1,5,3,0,0,1,2,0,1,2,3,0,1,1,0,2,8,4,5,0,2,3,3,1,2,0,0,0,3,0,0,3,1,0,1,2,0,2,1,0,0,3,2,2,1,1,1,4,6,0,0,1,1,0,0,2,0,10,1,4,1,2,0,2,1,3,1,2,0,3,1,2,1,0,0,0,2,0,0,2,3,0,2,0,0,0,6,0,6,1,2,3,1,0,1,2,2,0,0,1,2,0,0,3,4,3,0,1,0,3,2,1,0,9,2,0,1,0,2,0,1,0
54,1,0,0,0,0,2,2,1,0,0,0,0,0,0,1,1,0,2,0,0,0,0,0,1,0,1,0,1,1,0,2,1,0,0,0,0,0,1,5,1,2,0,0,5,0,0,1,0,0,1,0,0,0,1,0,1,0,0,0,0,1,3,1,0,0,2,1,1,0,0,0,1,9,0,1,0,1,0,0,0,5,1,2,2,1,0,0,0,0,0,0,0,7,1,1,3,3,3,2,1,0,2,7,0,0,0,0,5,1,0,0,0,0,0,0,0,0,0,0,0,2,0,2,2,1,3,0,2,1,0,0,7,0,2,0,0,0,2,0,2,0,0,0,0,0,0,0,0,0,0,1,1,0,0,0,0,0,0,0,4,0,1,0,0,0,0,0,1,0,3,0,1,1,0,0,0,0,1,0,0,0,0,0,2,0,0,1,0,0,1,0,1,0,0,1,0,0,3,0,0,0
55,3,1,1,0,1,2,2,1,0,2,0,0,0,0,0,1,5,2,0,0,0,2,2,1,1,0,0,0,0,0,1,1,2,5,1,0,2,0,1,3,3,2,0,1,2,0,1,0,1,0,3,3,0,1,1,2,1,1,1,0,3,0,4,0,1,1,2,2,1,3,1,0,0,0,0,2,2,0,0,1,1,1,0,2,1,0,0,4,3,1,0,0,7,0,2,1,3,1,0,2,2,1,0,2,0,0,1,2,0,0,0,1,0,1,1,1,0,0,0,0,2,0,0,1,2,3,2,3,1,4,1,1,0,0,0,1,5,0,0,1,1,0,0,0,2,2,1,0,0,0,1,0,1,1,1,0,1,1,2,2,0,2,0,6,0,0,1,1,0,0,5,2,0,0,0,1,1,1,0,0,1,0,3,1,2,2,0,0,0,1,0,0,1,4,1,0,0,2,0,0,0
56,1,0,0,1,1,0,0,1,1,0,1,1,1,0,0,1,0,1,0,0,3,0,0,0,0,1,1,0,1,1,1,0,1,0,0,0,2,0,2,1,0,0,0,1,1,0,2,2,1,1,2,1,0,0,0,1,0,2,0,1,1,0,5,0,0,2,0,1,2,0,0,0,4,2,3,1,0,1,2,0,9,0,1,1,1,0,1,0,1,0,0,0,10,0,0,4,7,3,1,1,0,4,4,0,0,0,0,2,0,2,0,1,1,0,0,0,1,1,1,0,0,0,1,5,1,2,1,4,4,1,1,1,2,4,0,1,6,1,3,0,0,2,1,0,3,0,0,0,1,0,0,2,1,0,0,0,1,0,0,0,0,0,0,0,2,1,0,2,2,0,0,1,0,0,1,1,0,0,0,0,0,2,0,1,2,1,0,2,0,1,1,0,1,4,0,1,6,1,1,1,0
57,1,3,1,0,0,0,0,0,0,0,3,2,0,0,0,0,0,1,0,1,0,3,4,0,1,0,1,0,1,0,2,1,2,1,0,0,1,0,5,0,1,1,1,0,1,1,2,0,2,0,2,1,4,2,2,2,0,0,0,1,0,1,2,1,0,0,0,1,0,2,0,0,1,1,1,0,1,2,0,1,4,1,0,1,0,0,3,1,0,1,0,0,10,0,0,1,3,0,3,0,1,3,4,1,1,1,2,5,1,1,2,2,0,4,0,0,1,0,2,1,1,0,1,1,3,2,1,1,2,2,1,2,0,2,1,0,3,2,3,0,1,0,2,0,4,1,0,1,0,0,0,1,0,0,0,0,0,0,0,0,1,1,0,0,0,3,5,2,0,0,0,1,0,0,1,2,1,3,0,0,0,0,2,4,0,1,1,1,0,4,3,2,0,4,0,1,1,3,0,0,0
58,0,0,1,0,1,1,1,1,1,1,0,1,1,1,1,3,0,1,2,0,2,0,4,0,0,1,0,0,0,1,4,0,3,2,0,1,1,1,1,1,2,1,0,0,4,1,0,3,1,3,0,1,2,0,0,2,2,1,1,0,1,3,1,0,0,2,0,2,1,0,1,2,0,1,1,2,3,2,1,0,2,0,0,1,0,1,5,0,0,1,0,2,4,1,0,1,0,0,2,0,6,3,0,0,0,0,1,1,2,0,1,0,1,2,2,0,0,0,3,2,3,1,1,1,3,2,0,1,1,2,0,1,1,1,1,0,1,0,4,2,0,0,1,0,2,3,1,0,9,0,0,0,0,0,1,2,1,0,1,2,0,2,1,1,0,0,1,2,1,0,0,0,0,0,1,0,3,0,0,2,0,0,1,2,0,0,1,0,1,0,0,2,1,0,2,0,0,1,2,1,0
59,2,0,5,0,0,1,1,0,0,2,3,3,0,1,0,0,0,2,1,0,1,0,0,0,1,2,1,0,1,0,1,0,2,0,0,0,1,1,3,0,1,0,2,1,0,1,0,1,1,2,0,0,1,0,1,0,0,0,1,0,0,1,0,0,0,0,2,1,0,3,1,0,0,0,2,0,0,0,0,1,0,0,0,2,0,1,0,0,1,3,0,0,0,4,0,1,0,0,0,3,1,0,0,3,0,0,1,0,0,0,2,0,0,1,1,1,1,2,0,0,2,2,0,1,1,0,1,0,0,3,0,3,0,0,0,1,2,0,1,1,2,0,0,0,0,1,0,0,2,1,1,0,1,2,0,2,0,1,0,0,0,1,0,0,2,0,3,0,1,1,0,1,0,1,0,4,0,0,0,0,0,0,0,2,1,0,0,0,1,0,1,3,1,1,0,0,1,0,0,0,0
60,1,0,1,0,0,0,2,0,0,0,0,0,0,0,3,0,0,1,3,0,0,0,2,0,0,0,0,1,0,1,0,0,0,0,0,1,0,1,1,0,1,0,1,0,0,0,0,2,0,2,2,0,0,1,2,0,0,0,0,0,0,0,0,1,0,0,2,4,0,1,0,0,0,0,0,0,0,0,0,0,0,0,1,0,0,0,0,0,0,0,0,1,0,1,0,0,0,0,0,4,0,2,0,0,0,1,0,0,1,0,0,2,1,0,2,0,0,0,0,0,0,1,0,0,2,0,0,0,0,1,0,0,0,0,0,0,0,1,1,0,1,0,0,1,0,0,1,0,2,0,0,1,0,0,0,1,0,0,1,0,0,1,0,0,0,0,1,0,0,0,0,1,0,0,2,0,0,0,0,0,0,0,0,0,0,0,0,0,0,0,0,0,0,0,1,0,0,0,0,0,1
61,0,0,0,0,0,0,1,0,0,0,0,0,0,0,5,0,0,0,0,0,0,0,0,0,0,0,0,2,0,0,0,0,0,0,0,0,0,1,0,0,0,0,0,0,0,0,0,0,0,2,1,0,1,1,2,0,0,0,0,0,0,1,0,1,0,0,1,1,0,0,0,0,0,0,0,1,0,0,0,0,0,0,1,1,0,0,0,0,0,1,0,0,0,1,1,0,0,0,0,1,0,2,0,0,0,2,0,0,2,0,0,0,0,1,0,0,0,0,0,1,1,2,1,0,2,0,0,0,0,1,0,1,0,0,1,1,0,2,0,0,2,0,0,0,0,0,0,0,0,0,0,2,1,0,0,1,1,1,0,0,1,2,0,1,0,0,0,1,0,0,0,1,0,0,1,1,0,1,0,0,0,1,0,0,0,1,1,0,0,0,0,2,0,0,2,0,0,0,0,0,1
62,0,0,0,0,0,0,0,0,0,0,0,0,0,0,2,2,0,0,0,0,0,0,3,0,1,0,0,0,1,0,1,0,0,0,0,2,0,0,0,1,1,0,2,0,1,2,0,1,0,1,0,2,0,3,2,0,1,0,1,1,1,0,0,0,0,0,2,1,0,1,0,1,0,0,0,0,0,0,0,0,0,1,0,0,0,0,4,0,0,1,0,1,0,2,0,0,0,0,0,0,0,1,0,0,0,2,0,0,2,0,0,1,0,0,0,1,0,0,0,1,0,1,2,0,0,1,0,0,0,1,0,0,0,0,0,0,0,1,0,0,2,0,0,1,1,2,0,1,0,0,0,2,2,0,0,0,2,1,1,1,1,0,0,0,0,0,1,0,0,2,1,2,2,0,1,0,0,1,1,1,1,0,0,0,0,1,0,0,0,0,3,2,0,1,1,1,0,0,0,0,1
63,1,1,0,0,0,1,0,0,0,0,0,1,0,0,5,0,0,2,0,1,0,0,1,0,0,0,0,1,0,0,0,0,0,0,0,2,0,0,0,2,2,0,0,0,2,0,0,0,0,2,0,1,0,3,1,0,0,2,0,0,1,0,0,0,0,0,1,4,0,0,0,1,0,0,0,1,0,0,0,0,0,1,0,0,0,0,1,0,0,0,0,1,0,1,0,0,0,1,0,0,0,0,0,0,0,1,0,0,3,0,0,1,0,0,0,1,0,0,2,1,2,0,0,0,1,1,0,0,1,0,0,0,0,0,2,0,0,0,0,0,1,0,1,0,0,0,1,0,0,0,0,3,2,0,0,1,1,0,0,1,1,0,0,0,0,0,1,0,0,0,1,1,0,0,1,0,0,2,0,1,1,0,0,0,0,1,0,0,1,0,0,3,0,0,0,0,0,0,0,0,1
64,0,0,0,0,0,0,1,0,1,0,0,0,0,0,4,0,0,0,0,0,0,0,0,0,0,0,0,2,1,0,0,0,0,0,1,1,0,0,0,1,1,0,0,0,0,0,0,0,0,0,1,0,0,1,2,1,0,2,0,0,0,1,0,1,0,0,2,3,0,0,0,0,0,0,0,0,0,0,0,0,0,1,0,0,0,0,1,0,0,1,0,1,0,0,0,0,0,0,1,0,0,0,0,0,0,1,0,0,1,0,0,1,0,1,1,1,0,0,1,0,0,1,1,0,1,2,0,0,0,0,0,0,0,0,2,0,0,1,0,0,1,0,0,1,0,0,1,0,0,0,0,2,1,0,0,0,0,1,0,0,0,0,0,0,0,0,1,1,0,1,0,1,1,0,0,0,0,2,0,1,0,0,0,0,0,1,0,0,1,0,1,3,0,1,0,0,1,1,0,0,1
65,0,0,0,2,0,0,3,0,0,0,0,1,0,0,4,0,0,0,0,0,1,0,0,0,0,0,1,0,2,1,0,0,1,0,0,1,0,0,0,1,1,0,2,0,0,0,0,1,0,1,0,1,1,0,0,0,0,1,0,0,3,0,0,2,0,0,2,1,0,0,0,0,0,0,0,0,2,2,0,0,1,0,0,1,1,1,0,0,0,1,1,0,0,1,0,0,0,0,0,1,0,1,0,0,0,5,0,0,0,1,0,1,0,0,0,1,0,2,0,2,0,1,0,0,3,0,0,0,0,1,0,0,0,0,0,0,0,1,0,0,1,0,0,0,1,1,0,0,0,0,1,1,2,0,0,0,1,0,0,0,0,0,0,0,0,0,0,1,0,3,0,0,0,0,0,0,0,1,0,0,0,0,0,0,1,0,0,1,0,0,1,1,0,1,0,0,0,0,0,0,1
66,0,0,0,2,0,0,0,0,0,0,0,1,0,0,9,0,0,1,0,0,0,0,0,0,0,0,0,1,0,0,1,0,0,0,0,0,1,0,0,0,0,0,1,0,1,2,1,0,0,1,0,0,0,0,0,0,0,0,0,0,1,0,0,0,0,0,1,0,0,0,0,0,0,0,0,0,0,0,0,0,0,0,0,1,0,0,0,0,0,2,0,2,0,1,0,0,0,0,0,0,0,0,0,0,0,2,1,0,0,0,0,0,0,0,0,0,0,0,1,1,1,0,0,1,1,1,0,0,0,0,0,0,0,0,0,0,0,0,0,0,1,1,0,0,1,0,0,0,0,0,1,2,0,0,0,0,0,0,0,1,1,0,0,0,0,0,1,0,0,2,0,0,0,0,0,0,2,1,0,0,0,1,1,0,0,0,0,1,1,1,0,1,0,0,0,0,0,0,0,0,1
67,0,1,1,0,0,2,0,0,0,0,0,0,0,0,2,0,0,0,2,0,0,0,1,0,0,0,0,0,1,0,0,0,0,0,1,0,0,0,0,0,1,0,0,0,0,2,0,0,1,1,0,0,0,1,2,0,0,0,0,0,1,0,0,0,0,0,2,0,0,1,0,0,0,0,0,0,1,1,0,1,0,0,1,1,0,1,0,0,0,1,1,2,0,2,0,0,0,1,0,0,0,2,0,0,0,2,0,1,0,0,0,1,1,0,1,2,0,0,1,1,0,0,0,0,1,0,0,0,0,0,0,0,0,1,1,0,0,0,0,0,0,0,0,1,0,1,0,0,0,0,0,2,1,0,0,0,0,1,2,0,1,0,0,0,0,0,1,0,0,0,0,0,0,0,0,0,0,1,1,1,1,0,0,0,0,0,0,0,1,0,2,1,0,3,0,1,0,0,0,0,1
68,0,0,0,0,0,0,1,0,0,0,0,0,1,0,2,0,0,0,0,0,3,0,0,0,1,0,0,1,0,0,0,0,0,0,0,0,0,0,0,1,2,0,0,0,1,0,0,2,0,3,0,0,1,2,0,0,0,0,0,0,0,1,0,1,0,1,1,4,0,0,0,0,0,0,0,1,0,1,1,0,0,1,0,0,0,0,0,2,0,1,0,0,0,0,2,0,0,0,0,0,0,2,0,0,0,1,0,0,0,0,0,0,0,2,0,0,0,0,3,1,1,1,1,0,2,0,0,0,0,2,0,1,0,0,0,1,0,0,0,0,1,0,0,1,0,0,0,0,0,0,0,2,2,0,0,1,1,2,2,0,2,0,0,0,0,0,1,0,0,1,0,1,0,2,0,0,1,2,0,0,0,1,1,0,0,0,1,0,0,0,0,1,0,0,0,0,0,0,0,0,1
69,1,0,0,0,0,0,1,0,0,0,1,0,0,1,4,0,0,0,2,0,0,0,0,0,0,0,0,0,0,0,0,0,0,0,1,0,1,0,0,1,0,0,1,0,1,1,0,3,0,2,0,0,1,0,1,0,0,0,0,2,2,0,1,0,0,0,1,1,0,0,1,0,0,0,0,0,0,2,0,0,0,0,1,1,0,2,0,0,0,1,0,0,1,2,0,0,0,0,0,0,0,1,0,0,0,10,0,0,2,0,0,1,0,3,0,0,0,1,1,2,0,1,0,0,3,1,0,0,0,0,1,0,0,0,0,0,0,0,2,0,0,0,0,0,0,0,0,0,0,0,0,0,1,0,0,0,0,0,0,0,0,0,0,1,0,0,1,0,0,0,0,1,1,0,1,0,0,1,2,0,0,0,1,0,0,1,0,0,1,0,0,1,0,1,0,0,0,0,0,0,1
70,0,1,0,2,0,0,1,0,0,0,1,1,0,0,5,0,0,0,1,1,0,0,0,0,0,0,0,0,0,0,2,0,0,0,0,0,0,1,0,0,0,0,0,0,0,1,0,1,0,1,0,1,1,1,3,0,0,0,0,0,0,0,0,0,0,1,1,1,0,1,0,0,0,0,0,0,1,1,0,0,0,0,2,0,1,1,0,0,0,2,0,0,0,1,0,0,0,1,0,0,0,3,0,0,0,7,1,0,1,0,0,0,0,1,0,0,0,0,0,1,1,0,1,0,3,0,1,0,1,1,0,0,0,0,0,0,0,0,1,0,1,0,2,0,0,1,0,0,0,0,2,0,1,0,0,0,0,0,0,0,0,0,0,0,0,0,0,1,1,3,1,0,1,0,0,0,0,2,2,0,0,0,1,0,0,0,0,0,1,0,1,0,0,0,0,1,0,0,0,0,1
71,0,0,0,0,0,0,3,1,0,0,0,0,0,0,2,0,0,0,0,1,0,0,1,0,0,0,0,0,0,0,0,0,0,0,0,1,0,0,1,1,1,0,0,0,1,2,0,0,0,1,0,0,0,1,2,0,0,0,0,1,0,0,0,0,0,0,2,1,0,0,0,1,0,0,0,0,0,0,0,0,0,0,1,0,0,1,0,0,0,1,0,0,1,0,0,0,0,0,0,0,0,0,0,0,0,2,0,0,0,0,0,0,0,2,0,0,0,1,2,0,2,0,0,0,2,0,0,1,0,0,1,0,0,0,0,0,0,0,1,0,1,0,1,0,1,0,0,0,0,0,0,0,1,0,0,0,0,0,1,0,0,0,0,0,0,0,0,0,0,3,0,0,1,0,0,1,1,1,0,0,0,0,1,1,0,0,0,0,0,0,1,0,0,0,0,0,0,2,0,3,1
72,0,0,0,0,0,0,2,1,0,0,0,0,0,0,5,0,0,1,1,0,0,0,2,0,0,0,0,0,0,0,0,1,0,0,1,0,0,1,2,1,0,0,0,0,0,1,0,1,0,1,0,0,2,1,2,1,0,0,0,0,0,0,0,1,0,0,0,4,0,0,0,2,0,0,1,0,0,0,0,0,0,0,1,0,0,1,0,0,0,1,0,0,0,0,1,0,0,1,0,0,0,0,0,0,0,11,1,0,0,0,0,1,1,1,0,0,0,0,1,1,2,0,0,0,0,0,0,0,1,0,1,0,0,0,0,0,0,0,0,0,1,0,0,0,1,0,0,0,0,0,1,0,1,0,0,0,0,0,0,0,0,0,0,0,0,0,0,0,0,1,0,0,0,0,0,0,0,0,0,0,0,1,2,0,0,0,0,0,0,2,2,1,0,2,0,1,0,0,1,4,1
73,0,0,1,0,1,0,1,0,0,0,0,0,0,0,3,0,0,0,0,0,0,0,0,1,0,0,0,0,0,0,0,0,0,0,1,0,1,0,0,0,0,0,1,0,1,3,0,0,0,1,0,0,0,0,1,0,0,1,0,0,0,1,0,0,0,0,2,1,0,0,0,0,0,0,0,0,1,0,0,0,0,0,0,0,1,0,1,0,0,1,1,0,1,0,0,0,0,0,0,0,1,0,0,0,0,2,0,0,0,0,0,0,0,0,1,0,0,0,0,0,2,0,0,0,1,0,0,0,0,0,0,0,0,0,1,0,1,0,1,0,0,1,1,0,1,2,0,0,0,0,0,2,1,0,0,0,0,0,0,0,0,0,0,0,0,0,2,0,0,1,0,0,0,0,0,0,0,0,1,0,0,0,0,0,1,0,0,0,0,0,2,2,0,0,0,0,0,0,0,0,1
74,0,0,0,0,0,0,1,0,0,0,0,1,0,0,4,0,0,1,0,0,0,0,3,0,0,0,0,3,0,0,0,0,0,0,0,0,0,1,2,1,0,0,0,0,0,1,0,1,0,0,1,0,0,0,0,0,0,0,0,0,0,0,0,0,0,0,3,0,0,0,0,0,0,0,0,0,1,0,1,0,1,1,1,0,0,0,0,0,0,2,2,1,0,1,1,0,0,0,0,0,0,0,0,0,0,9,0,0,0,0,0,0,1,1,1,0,0,0,1,1,0,0,0,0,0,0,0,0,0,1,0,0,0,0,1,0,0,1,0,0,2,0,0,0,0,0,0,0,0,0,1,1,1,0,0,0,1,0,1,1,0,0,0,0,0,0,1,0,0,1,0,0,0,2,0,0,1,2,1,0,1,0,1,0,0,0,0,0,1,0,1,0,0,0,0,0,0,0,0,0,1
75,1,0,0,1,0,2,0,1,0,0,0,2,0,0,6,0,0,0,0,0,0,0,1,0,0,0,1,1,0,0,0,0,0,0,1,0,0,3,1,2,1,0,0,0,0,1,0,0,0,1,3,0,1,2,0,0,0,0,0,0,1,0,0,0,0,0,1,0,0,0,0,0,0,0,0,0,0,1,0,1,1,1,0,0,0,0,1,0,0,1,0,1,0,2,0,0,0,0,0,1,1,0,0,0,0,3,1,0,0,0,0,0,2,0,0,3,0,0,0,1,0,0,0,0,1,1,0,0,0,0,0,0,0,0,1,0,0,1,0,0,0,0,2,0,0,0,0,0,0,0,0,1,1,1,0,0,0,0,0,0,0,0,0,0,1,0,0,0,1,2,0,0,1,0,0,0,0,1,1,0,0,0,1,0,0,0,0,0,0,1,0,2,0,0,1,1,0,0,0,0,1
76,0,0,0,0,0,0,0,0,0,0,0,0,0,0,8,0,0,1,0,0,0,1,0,0,0,0,0,0,0,0,0,0,0,0,0,0,1,0,0,0,0,0,0,0,2,0,0,0,0,0,0,0,0,0,1,0,0,0,0,0,0,0,1,0,0,0,1,2,0,0,0,1,1,0,0,0,0,0,0,0,0,0,0,0,0,1,3,0,0,1,0,2,1,0,1,0,0,1,0,0,0,1,0,0,0,6,0,0,1,0,0,1,0,0,0,0,0,0,0,1,0,1,0,0,1,0,0,0,1,1,0,1,0,0,0,0,0,1,0,0,1,0,0,0,0,0,0,0,0,0,1,1,1,0,0,0,0,1,0,0,0,0,0,0,1,0,0,0,0,4,0,0,1,0,0,0,1,0,1,0,2,1,1,0,0,0,0,1,0,1,0,1,0,0,0,0,0,0,0,0,1
77,1,1,1,0,0,1,1,0,0,0,0,0,0,1,3,0,0,0,0,0,0,0,0,1,0,0,0,0,0,1,0,0,0,0,0,0,1,1,0,0,0,0,0,0,0,1,0,0,0,0,3,1,0,0,0,0,0,0,0,0,0,0,0,0,0,0,1,2,0,0,0,0,0,1,0,0,1,1,0,0,1,0,0,0,0,1,0,0,0,2,1,2,0,0,0,0,0,0,0,0,0,0,0,0,0,4,0,2,0,0,0,1,0,0,0,0,0,0,0,0,1,0,1,1,0,2,0,1,0,1,0,0,0,0,0,0,0,0,0,0,2,0,1,0,0,0,0,0,0,0,1,1,1,0,0,1,0,0,0,1,0,0,0,0,0,0,0,0,1,2,2,0,1,2,0,0,0,1,0,0,0,0,1,0,0,0,0,1,0,1,0,0,0,0,0,0,0,0,0,0,1
78,0,0,0,1,0,0,0,0,0,1,0,0,0,0,5,0,0,0,0,0,0,0,2,0,0,0,2,1,0,0,1,0,0,1,1,0,1,0,0,1,0,0,0,0,0,1,0,0,0,0,2,0,0,2,1,0,0,0,0,0,0,0,0,0,0,0,1,0,0,0,0,1,0,0,0,1,3,2,0,0,0,0,0,0,0,0,0,1,0,1,0,0,0,0,0,0,0,0,0,1,0,0,1,0,0,15,0,0,0,1,0,0,2,1,2,0,0,1,0,0,0,0,0,1,1,1,0,0,0,0,1,0,0,0,0,0,0,0,0,0,2,0,0,0,0,0,1,0,0,0,0,0,3,0,0,0,0,0,0,0,0,0,0,0,0,0,1,0,0,0,0,2,0,1,0,0,3,1,0,2,1,0,0,1,0,0,0,0,2,0,1,0,0,0,0,0,0,1,0,0,1
79,1,1,1,2,0,1,0,0,0,0,0,1,0,0,4,0,0,0,0,0,0,0,0,1,0,1,2,0,0,1,0,0,0,2,0,0,0,0,1,0,0,0,1,0,1,1,0,1,0,0,0,2,1,0,0,0,0,1,0,1,0,0,0,0,0,0,1,2,0,0,0,0,0,0,0,0,2,1,0,0,3,0,0,0,0,1,1,0,0,1,0,2,0,1,0,0,0,0,0,0,0,0,0,0,0,10,0,1,0,0,0,0,0,2,0,0,0,0,1,0,0,0,3,2,3,1,0,0,0,0,0,0,0,0,1,0,0,0,0,0,2,0,2,0,1,0,0,0,0,0,1,0,2,0,0,0,1,0,0,2,0,0,0,1,0,0,0,0,0,2,1,0,0,1,0,0,1,2,0,1,0,0,0,0,0,0,0,0,2,2,0,1,0,0,0,0,0,1,0,0,1
80,1,0,0,0,0,0,1,0,0,0,0,0,0,0,3,0,0,1,1,1,0,0,0,0,0,1,0,0,0,0,0,0,0,0,1,1,0,0,0,0,0,0,0,0,2,0,0,0,0,1,0,0,0,0,0,0,0,1,0,0,0,0,0,0,0,0,1,2,0,0,0,0,0,0,0,0,1,0,0,0,0,0,0,0,0,1,1,0,0,2,0,1,0,2,0,0,0,0,0,0,1,0,0,0,0,5,0,0,1,0,0,0,0,1,1,0,0,0,0,0,1,0,1,0,3,0,0,0,0,0,0,0,0,0,0,0,1,0,0,0,2,0,0,0,1,2,0,0,0,0,1,1,2,0,0,0,0,0,0,0,0,0,0,0,0,0,1,0,0,0,0,1,0,0,0,0,0,0,1,0,1,0,2,0,1,0,0,1,0,0,1,1,0,2,0,0,0,0,0,0,1
81,1,0,0,0,0,0,0,1,0,0,0,0,0,0,2,0,0,0,0,1,0,0,0,0,0,0,0,0,0,0,0,0,0,0,0,0,0,0,0,1,0,0,1,1,0,1,0,0,0,1,1,1,1,0,1,0,0,1,0,3,2,1,1,0,0,0,1,0,0,0,0,0,0,0,0,0,0,1,0,1,0,0,1,0,0,1,1,0,0,2,0,2,0,0,0,0,0,0,1,0,0,1,1,0,0,8,0,0,0,0,0,1,0,2,2,0,0,0,2,0,1,0,0,0,1,1,0,0,0,0,0,0,0,0,1,0,0,0,0,0,0,1,0,0,0,0,0,0,0,0,0,0,2,0,0,0,0,0,0,0,0,0,0,0,0,0,0,0,0,4,1,0,0,1,0,0,0,0,0,0,0,0,0,0,0,0,0,0,1,0,0,1,0,0,0,0,0,0,0,0,1
82,1,0,1,0,1,1,0,0,0,0,0,0,0,0,4,0,0,0,0,0,0,0,0,1,1,1,0,0,0,1,0,0,0,0,0,0,0,0,0,0,1,0,0,0,0,0,0,0,0,0,0,0,0,0,1,0,0,1,0,0,2,0,0,0,0,0,1,0,0,0,2,0,0,0,0,0,1,0,0,0,0,1,0,0,0,1,0,0,0,3,0,1,0,3,0,0,0,0,0,1,0,1,0,0,1,7,1,0,1,0,0,0,0,3,0,0,0,0,0,0,0,0,2,0,0,0,0,0,2,0,0,0,0,0,1,0,0,0,0,0,2,0,0,0,2,1,0,0,0,1,0,1,1,0,0,0,0,0,0,1,1,0,0,0,0,0,0,0,1,2,1,0,0,1,0,1,0,0,1,0,0,0,1,0,0,0,0,1,0,0,0,0,0,0,0,1,0,0,0,0,1
83,0,0,0,0,0,0,1,0,0,0,0,1,0,0,4,0,0,1,1,2,0,0,1,0,0,0,0,0,0,0,0,0,0,1,0,0,0,0,1,2,0,0,0,0,0,0,0,0,0,0,1,0,2,2,1,0,0,0,0,0,0,0,0,0,0,0,1,2,0,0,2,0,0,0,0,0,2,0,0,0,0,0,0,0,0,1,0,0,0,3,0,2,0,0,0,0,1,0,0,0,0,1,0,0,0,7,0,0,2,0,0,0,1,0,0,2,1,1,0,0,0,0,0,0,1,1,0,0,0,0,1,0,0,0,0,0,0,0,0,0,1,0,1,0,0,0,0,0,0,0,1,0,1,0,0,0,1,0,1,0,1,1,0,0,0,0,1,0,0,0,1,1,1,1,0,1,2,0,0,0,1,0,0,0,0,0,0,0,1,2,0,2,0,0,0,0,0,0,0,0,1
84,1,0,0,0,0,0,1,1,0,1,0,0,0,0,3,0,0,1,1,0,0,0,1,0,0,0,2,0,1,0,0,0,0,4,1,0,0,0,0,1,0,0,0,1,0,1,2,0,0,0,1,1,1,1,1,0,0,1,0,1,3,0,0,0,2,1,1,1,0,0,0,0,0,0,0,0,1,2,0,1,1,1,3,4,0,0,1,0,0,1,0,2,0,0,0,0,0,0,0,0,0,0,1,0,0,1,1,0,0,1,0,0,0,0,1,0,0,0,1,2,3,0,0,0,0,0,0,0,0,0,2,0,0,0,0,0,0,0,1,0,0,2,0,0,0,0,1,0,0,1,0,0,2,0,0,0,1,0,1,1,0,0,0,2,0,1,0,1,0,2,0,0,0,2,0,0,2,1,1,0,0,0,1,0,1,0,0,1,2,1,0,1,0,0,1,0,0,3,0,1,1
85,3,1,0,0,0,0,0,2,1,2,1,1,0,0,4,1,0,3,2,1,3,2,0,0,0,1,0,2,2,0,1,1,0,0,2,1,0,0,1,0,1,1,2,4,0,1,2,0,1,2,0,1,2,1,1,1,0,2,0,4,0,1,3,2,0,0,2,1,2,0,0,3,1,0,1,2,2,2,1,5,4,1,1,0,2,1,0,2,0,0,0,5,1,0,3,1,0,2,0,2,0,2,0,1,0,4,2,6,1,0,0,1,0,0,1,2,1,0,0,0,1,2,1,2,2,2,1,1,0,0,1,1,0,0,1,2,0,2,2,0,1,1,2,0,2,0,0,0,0,0,2,0,8,0,0,0,1,2,3,0,1,5,0,0,1,0,0,3,1,2,1,0,5,1,0,0,1,1,2,1,2,2,0,2,0,1,3,1,4,3,3,3,1,1,2,2,0,0,0,0,1
86,1,0,2,1,0,1,0,1,0,0,0,0,1,0,3,0,1,0,1,0,0,1,4,1,0,0,3,0,1,0,0,0,0,5,2,0,0,2,0,0,0,0,1,0,0,1,1,1,2,1,1,0,0,1,2,0,0,0,0,2,0,0,1,0,5,0,0,0,2,0,0,0,0,0,0,0,1,0,1,2,0,0,0,1,0,1,1,0,2,1,0,1,2,0,0,0,0,0,3,0,1,0,1,0,0,2,0,0,1,0,4,3,1,0,1,0,2,0,1,1,0,1,0,0,1,1,0,1,0,0,0,6,1,1,1,0,0,2,0,1,0,0,0,0,0,1,0,0,1,1,1,2,0,0,1,0,0,0,1,0,0,0,1,8,2,1,1,0,0,0,0,2,0,1,2,0,2,1,0,0,0,1,1,0,0,0,0,1,0,0,2,2,0,0,0,0,1,0,0,0,1
87,1,0,0,0,0,0,0,0,0,1,0,1,0,0,1,0,1,0,0,0,0,3,2,0,0,0,1,0,2,1,0,0,0,6,0,1,0,2,0,1,1,2,2,1,2,2,0,1,0,1,1,0,1,1,1,0,1,2,0,1,0,0,0,0,2,0,0,0,2,0,0,0,0,0,0,0,0,1,0,2,0,0,0,5,0,3,2,1,0,2,0,1,2,2,0,0,3,0,0,1,1,0,0,1,0,7,0,2,1,0,2,3,1,1,0,2,0,1,2,0,0,0,0,0,2,1,0,0,0,1,0,0,0,0,1,0,0,0,2,2,1,0,0,0,0,2,0,1,2,1,0,1,0,0,3,0,0,1,0,0,0,0,0,3,0,3,1,1,0,1,0,0,0,1,0,0,0,1,0,0,0,0,0,1,1,0,1,0,0,0,1,2,0,0,0,0,0,0,1,0,1
88,1,1,0,0,0,0,0,0,0,1,0,0,1,0,2,0,0,0,0,0,1,0,2,0,0,0,0,2,1,0,1,0,1,5,0,0,0,0,0,0,0,0,0,0,1,1,1,0,0,0,0,1,2,0,0,0,0,2,2,2,2,1,0,0,0,0,0,1,0,0,0,0,0,0,1,2,1,0,2,1,0,0,0,2,1,0,1,0,0,0,1,2,1,0,1,0,0,0,0,0,0,2,0,0,0,3,0,2,2,2,0,1,1,0,0,0,0,0,0,1,1,1,1,0,0,0,0,2,1,0,0,0,0,0,0,0,0,1,1,0,1,0,0,0,0,1,0,0,0,0,0,0,1,0,0,0,1,0,1,0,0,2,0,4,0,0,0,0,0,0,0,0,3,1,1,0,1,0,1,0,0,0,1,0,0,0,0,0,1,0,0,3,0,1,0,0,0,1,0,2,1
89,1,0,1,0,0,2,1,2,0,0,0,0,0,0,4,0,0,1,0,1,0,0,0,0,1,0,1,3,0,1,2,0,0,2,0,1,0,2,1,1,1,0,1,0,3,2,2,1,3,0,0,2,2,3,1,1,0,2,0,1,0,1,1,1,2,0,0,0,0,0,2,0,0,0,4,0,0,2,1,2,0,1,1,3,0,0,6,0,2,0,0,1,4,1,0,0,1,0,0,0,2,0,0,1,1,4,0,4,3,0,0,1,2,1,1,0,0,2,1,3,1,0,2,0,1,0,1,0,1,0,4,0,1,2,0,2,0,1,0,1,1,0,1,0,1,0,0,0,0,0,0,0,2,1,0,0,0,1,1,1,0,2,1,0,0,0,1,0,0,3,0,0,3,1,0,0,4,2,0,0,1,1,1,0,0,0,0,1,4,2,0,1,0,0,1,3,0,1,0,1,1
90,0,2,0,0,0,0,1,2,1,0,0,0,0,0,6,1,0,0,0,2,0,0,2,0,0,0,1,0,2,0,0,0,1,0,0,0,0,0,0,2,0,0,0,0,1,1,1,0,0,0,1,0,1,0,0,0,0,1,0,2,1,0,0,0,0,1,1,1,0,0,0,0,0,0,0,3,1,0,1,0,0,0,0,0,0,0,2,1,0,0,3,0,1,0,0,0,0,0,0,0,0,2,0,0,0,2,1,0,1,1,0,2,2,0,1,2,1,0,1,1,0,1,0,0,1,1,0,0,0,0,3,0,2,0,2,0,0,0,0,0,0,0,0,0,1,0,0,1,0,0,0,0,2,0,0,0,1,0,1,0,0,1,0,1,0,0,2,0,0,0,0,1,0,1,0,0,0,2,0,2,0,0,0,0,0,0,1,0,0,1,1,4,0,0,1,2,1,1,2,5,1
91,1,1,0,0,0,0,0,0,0,0,0,0,0,0,5,1,0,1,0,0,1,0,2,0,0,0,1,3,1,0,1,1,1,3,0,1,0,0,0,0,1,0,0,0,1,2,0,1,0,0,1,0,0,0,0,0,0,1,1,1,0,0,0,0,2,0,0,1,0,0,0,0,0,2,0,1,1,1,4,2,1,0,1,6,1,0,2,2,0,0,1,1,1,0,1,0,2,0,0,0,0,0,0,0,0,2,2,0,1,1,1,2,1,0,1,0,0,2,1,0,1,0,0,0,2,0,0,1,1,0,1,0,0,0,0,0,0,0,0,1,0,3,0,0,3,1,0,0,0,0,0,2,0,0,0,0,3,0,0,0,0,1,0,1,0,1,1,0,0,1,1,0,3,1,0,0,4,0,2,0,0,0,0,0,0,1,0,0,1,0,1,0,0,0,0,2,0,0,0,0,1
92,0,1,2,0,0,0,1,0,1,0,0,0,0,1,1,0,1,3,0,2,0,2,0,0,0,1,2,3,0,0,1,0,0,0,1,0,1,0,2,0,0,0,1,0,1,1,0,1,1,1,0,2,1,7,3,0,0,3,0,1,2,1,0,1,0,0,0,5,1,1,1,4,0,0,0,3,0,2,2,0,0,0,4,0,1,1,0,0,3,0,4,0,3,3,0,0,1,0,1,0,0,0,1,0,0,0,1,1,1,0,1,1,0,2,2,1,0,1,1,3,1,0,0,0,2,0,1,1,0,1,3,0,1,1,0,2,3,0,0,0,1,0,3,0,2,1,1,0,0,3,1,1,3,4,1,0,1,1,2,0,2,0,0,1,3,2,4,1,3,0,2,2,2,2,5,0,0,2,2,1,3,0,0,3,0,2,0,0,2,1,2,1,0,0,0,3,0,0,0,0,1
93,0,3,0,1,0,0,0,1,0,0,0,0,0,0,5,1,0,0,0,1,0,0,1,0,0,0,2,2,2,0,0,2,0,1,1,1,1,0,0,2,0,0,3,0,0,1,0,1,0,1,1,0,1,1,2,0,0,2,0,0,0,0,0,2,1,0,0,0,0,0,0,3,0,2,0,0,1,1,1,1,1,0,0,0,1,0,1,1,0,0,1,1,0,0,2,0,0,0,0,1,0,0,0,0,0,3,2,0,2,1,0,1,0,3,1,0,0,1,0,1,1,0,0,0,1,0,0,0,0,1,1,0,0,0,1,0,0,1,0,0,0,1,0,0,0,0,0,0,0,0,0,0,0,0,0,0,1,0,0,0,0,1,0,0,1,0,1,0,0,0,1,0,2,0,0,0,1,2,1,1,0,1,1,0,0,0,0,1,0,0,1,0,0,0,0,0,0,0,1,0,1
94,2,0,0,0,1,1,2,0,0,0,0,2,0,1,2,0,0,1,1,3,2,0,0,1,0,1,0,1,0,0,3,1,1,0,0,0,1,0,1,0,2,0,1,1,0,0,0,1,1,0,3,0,2,1,0,1,0,3,0,0,0,1,0,1,0,4,1,1,0,0,1,0,0,1,1,1,0,1,1,0,4,0,0,0,0,0,0,1,0,1,0,0,8,1,0,0,1,1,3,1,4,4,0,0,1,0,3,3,0,1,0,1,1,2,1,0,0,0,0,0,0,0,0,1,0,3,1,1,1,0,1,4,0,1,0,0,0,1,2,0,1,0,1,0,1,0,2,0,5,0,0,2,0,4,0,2,0,1,1,2,1,2,1,0,0,0,0,0,1,0,1,0,1,1,4,0,0,1,2,1,1,0,0,0,1,0,0,1,0,0,0,0,0,3,0,3,1,3,1,0,1
95,0,0,0,0,0,0,1,0,0,0,0,0,0,0,3,1,0,0,0,0,0,0,0,0,0,0,2,0,0,0,0,0,1,1,0,1,1,0,1,1,0,0,0,0,2,3,0,0,0,0,0,0,1,0,1,1,0,0,0,0,1,2,0,0,2,0,2,0,0,0,0,0,0,1,0,0,0,0,1,0,0,0,0,2,0,0,3,0,0,1,0,0,2,0,0,0,0,0,0,0,0,0,0,0,0,3,0,0,0,1,1,1,0,0,2,0,0,1,1,1,0,1,0,0,1,0,0,1,0,1,0,0,0,0,0,0,0,0,0,0,1,0,0,1,2,0,0,0,0,0,0,1,0,0,0,0,1,0,0,0,0,0,0,0,1,0,0,0,0,0,0,3,1,0,0,0,0,1,0,0,0,0,0,0,0,0,0,0,0,0,1,0,0,1,0,0,0,2,0,1,1
96,0,1,0,0,0,0,2,1,0,0,0,0,0,0,3,2,2,0,0,0,0,0,0,0,0,0,0,0,0,0,3,0,0,3,0,0,1,0,0,1,0,1,0,0,1,1,0,2,0,0,0,0,0,0,1,0,0,0,1,0,2,0,0,0,2,0,1,2,0,0,0,0,0,2,0,0,0,0,1,0,0,0,0,0,1,0,1,0,0,1,0,0,3,0,0,0,0,0,1,0,0,0,0,0,0,1,1,0,1,1,0,0,0,0,1,0,0,0,1,0,0,0,0,0,0,0,0,0,1,0,0,0,0,0,0,0,1,0,0,0,1,1,0,1,1,1,0,0,1,0,0,1,0,0,0,0,0,0,0,0,0,0,0,0,0,1,1,0,0,1,1,1,2,0,0,2,0,1,1,0,0,0,1,0,0,0,0,0,1,0,1,1,0,1,0,0,0,1,1,0,1
97,0,1,1,0,0,0,1,0,0,0,1,0,0,0,0,1,0,0,0,0,0,0,1,0,0,0,2,0,1,0,1,0,0,1,0,1,1,0,2,0,0,1,0,0,2,1,1,0,0,0,0,0,0,0,0,1,0,0,0,1,1,1,0,0,0,0,2,1,0,0,0,0,0,2,0,0,0,0,0,2,0,0,0,1,1,0,2,0,0,1,2,0,1,0,0,0,0,0,3,0,3,0,0,0,0,0,0,0,0,1,1,0,0,1,1,0,0,1,0,0,0,0,0,0,1,1,0,0,0,0,0,0,0,0,0,0,2,0,1,0,1,0,0,1,1,0,1,0,1,0,0,0,1,0,0,0,1,0,1,0,0,1,0,1,1,0,0,1,0,0,0,0,2,1,0,2,2,1,0,0,0,0,1,0,0,0,0,0,1,0,3,1,0,2,0,0,1,1,0,0,1
98,1,0,1,0,2,0,0,2,0,0,3,0,0,0,0,0,3,0,1,0,0,1,2,0,0,1,1,0,1,0,0,0,0,5,1,0,0,1,0,1,0,3,0,0,1,0,0,0,0,2,1,0,0,0,1,1,1,1,2,1,0,0,0,1,2,1,0,0,1,0,0,1,0,0,0,0,0,2,0,1,0,1,0,5,0,0,0,0,1,1,0,0,2,2,0,0,1,2,0,1,0,0,0,2,0,8,1,0,2,0,3,2,1,1,0,1,0,1,1,3,0,0,0,1,3,1,0,0,0,0,0,1,0,0,0,0,0,4,0,0,2,0,0,3,0,0,0,0,1,0,1,1,2,0,6,1,0,0,2,0,0,0,2,1,0,0,0,1,0,1,0,1,1,0,0,0,3,3,1,0,0,0,1,1,0,0,0,0,0,0,0,1,0,0,0,1,1,2,0,0,1
99,0,0,0,0,0,1,1,0,0,0,1,0,2,0,3,1,4,0,2,2,1,1,1,3,1,0,1,1,0,0,0,0,0,1,1,0,0,1,1,0,1,2,0,1,0,1,0,0,0,0,1,0,1,0,0,0,1,0,0,0,0,0,0,0,0,0,0,1,1,1,0,2,0,0,0,0,0,1,0,3,0,1,0,4,1,1,1,0,1,1,0,0,3,0,0,0,0,0,0,0,1,0,0,2,0,2,0,0,0,0,1,0,3,0,0,2,0,0,1,3,0,1,1,0,1,0,4,0,0,1,1,0,0,0,0,0,0,0,1,0,1,0,1,2,0,1,3,0,0,0,1,1,0,0,1,0,0,0,2,0,0,0,0,2,0,2,0,0,0,3,0,0,0,2,0,4,1,1,0,0,1,1,1,0,0,0,3,0,0,0,0,0,0,0,0,0,0,0,0,2,1
100,0,2,0,0,0,0,1,1,0,0,0,2,0,0,0,0,3,0,1,0,0,1,2,0,0,0,0,2,1,1,2,0,0,3,0,0,0,2,0,0,0,1,2,0,0,0,0,0,0,0,0,0,0,0,1,0,0,1,0,0,0,0,0,4,1,0,0,0,0,1,0,0,0,1,0,0,0,1,0,0,0,0,0,0,1,0,1,0,2,1,0,1,1,0,2,0,1,2,0,3,0,1,0,0,0,5,0,0,0,0,5,2,3,0,2,0,0,3,0,0,0,0,2,0,0,2,1,0,0,0,1,6,1,0,0,0,0,0,0,1,1,2,1,1,0,2,0,1,0,1,0,1,2,0,0,0,0,0,1,2,0,2,1,2,0,2,0,1,0,1,1,1,1,1,1,0,0,1,2,1,0,0,0,0,1,3,0,1,0,1,0,0,0,1,0,0,1,1,0,0,1
101,0,0,0,2,0,0,0,0,0,0,0,0,0,1,3,1,5,0,0,0,0,2,1,0,2,0,2,1,2,1,0,0,0,0,2,0,1,3,0,1,1,2,0,0,2,0,0,1,0,2,0,0,1,1,1,0,0,0,0,0,0,0,0,2,0,0,0,0,3,0,1,0,0,0,1,0,1,0,0,3,0,0,1,3,0,1,1,0,2,2,0,0,5,0,0,0,0,0,0,0,0,0,0,0,1,5,0,0,3,0,4,1,1,0,2,0,0,1,1,2,0,1,0,0,0,0,1,0,0,0,0,2,1,0,1,1,0,1,1,3,0,0,0,0,0,1,0,1,1,1,1,0,1,1,2,0,0,0,1,0,1,0,2,3,1,4,1,0,1,1,0,1,0,1,1,1,1,1,1,0,0,0,0,1,0,1,1,0,2,1,0,0,0,1,0,0,1,1,0,0,1
102,0,0,0,0,0,0,1,0,0,0,2,1,0,1,3,0,2,0,2,0,0,1,0,0,0,0,1,0,3,0,0,0,0,1,1,0,0,0,0,0,0,0,1,1,0,7,1,0,0,0,0,2,1,0,2,0,0,1,1,1,1,1,2,1,1,0,2,1,0,0,1,0,0,0,0,0,1,2,0,1,0,0,0,0,0,0,0,0,1,1,0,0,3,0,0,0,0,1,0,0,0,0,1,0,0,8,1,3,1,0,3,2,1,1,0,0,0,0,1,1,1,0,0,0,1,0,0,1,0,0,1,0,0,3,0,0,1,0,0,1,0,0,0,2,2,0,1,0,1,0,2,0,1,0,0,0,0,1,1,0,1,0,1,4,0,0,0,0,0,2,0,2,2,0,0,0,1,1,0,0,0,1,1,1,0,0,1,0,2,0,0,1,0,0,2,0,0,0,0,0,1
103,0,0,0,1,0,0,1,0,0,0,0,0,0,1,3,0,3,0,0,1,1,0,1,0,0,0,1,0,1,0,0,0,0,2,0,0,0,0,0,2,2,2,1,0,1,2,0,1,1,1,0,2,0,0,0,0,0,0,2,0,2,0,0,1,1,0,2,1,1,1,2,1,0,2,0,1,0,0,0,2,1,0,0,2,0,2,0,0,0,2,0,1,1,1,0,1,1,0,1,1,0,0,0,0,2,3,0,1,3,0,0,0,0,0,1,0,0,1,0,1,2,5,0,0,4,1,1,0,0,1,0,1,1,0,0,1,0,2,0,1,3,0,0,0,1,0,0,1,1,0,0,0,1,0,0,2,2,1,3,0,0,0,3,1,1,0,1,0,0,0,0,0,0,0,0,0,1,3,0,2,0,0,1,0,0,1,0,1,0,1,1,4,1,0,1,1,0,0,2,0,1
104,0,0,0,0,0,1,1,1,0,0,0,0,1,2,2,1,2,0,0,0,0,0,0,0,0,0,0,0,2,1,0,0,0,1,1,1,1,0,1,0,2,0,0,1,0,1,1,1,0,0,0,3,1,0,1,0,0,0,2,0,3,0,0,1,1,0,2,1,0,0,0,1,0,0,0,1,2,0,0,0,0,0,0,0,0,1,2,0,0,1,0,0,4,2,0,1,0,0,0,0,1,0,0,0,0,2,0,1,2,0,1,1,0,1,1,0,0,0,1,1,1,2,0,1,4,2,0,0,0,0,0,0,0,0,2,0,0,1,0,2,0,0,0,1,2,0,0,2,1,1,1,0,1,0,0,1,2,0,0,0,1,0,3,2,0,1,1,0,2,0,0,2,0,0,1,1,0,0,0,0,0,0,0,1,0,1,0,0,0,0,1,5,1,1,1,0,1,0,1,0,1
105,0,0,0,0,1,1,2,0,0,1,0,1,2,0,1,0,1,0,0,0,0,1,1,1,0,0,1,0,0,0,3,0,1,3,0,0,0,2,0,1,0,1,1,0,3,2,0,0,0,0,1,0,3,1,2,0,0,1,1,0,3,1,1,0,0,0,1,0,0,0,0,0,0,1,1,0,0,0,0,1,1,2,0,2,1,2,4,0,1,1,0,1,5,0,1,0,1,0,0,0,2,1,0,0,0,0,0,0,6,0,1,3,1,0,0,0,0,1,1,0,1,1,0,0,1,2,1,0,0,3,1,0,0,0,1,0,0,0,1,0,1,0,1,0,1,1,0,0,0,0,1,0,0,0,0,0,1,0,0,1,0,0,0,0,1,1,0,0,0,0,1,6,0,1,0,0,0,1,0,0,0,0,0,1,0,1,0,0,2,1,2,1,0,2,1,2,0,1,0,0,1
106,0,0,0,0,0,0,0,0,0,0,0,0,0,0,2,0,1,0,1,0,1,0,0,0,0,0,0,0,0,0,0,0,0,3,0,0,0,2,1,0,0,2,0,0,2,0,0,1,1,0,0,0,2,1,0,0,0,0,0,2,0,0,0,0,1,0,1,1,0,0,0,0,0,0,0,0,0,1,0,0,0,0,0,1,0,3,3,1,0,0,0,0,2,1,1,0,0,0,0,1,0,0,0,0,0,2,0,0,0,0,0,1,0,2,3,0,0,0,1,0,1,1,0,0,2,3,0,0,0,0,0,0,0,0,1,0,0,0,0,2,0,0,1,1,0,0,0,0,1,0,0,0,3,0,0,0,0,0,0,0,0,0,0,0,0,1,0,0,0,0,0,0,1,0,0,0,0,2,0,2,0,0,1,0,0,1,0,0,1,0,1,2,0,1,1,1,2,0,0,0,1
107,0,0,0,0,0,0,1,0,0,0,0,0,0,0,1,0,0,0,0,0,0,0,0,0,0,1,1,0,0,0,0,0,0,0,0,0,3,0,0,0,0,0,0,0,0,0,0,0,0,0,0,1,1,0,0,0,0,1,0,0,1,0,0,0,0,0,1,2,0,0,0,0,0,0,0,0,0,1,0,0,0,0,0,0,0,1,0,0,0,0,0,0,0,0,0,0,0,0,0,0,0,0,0,0,1,9,0,2,1,0,0,0,0,0,0,0,0,0,1,0,1,2,0,0,2,0,0,0,0,0,0,0,0,0,0,0,0,0,0,0,1,0,1,0,3,1,0,0,0,0,0,0,0,0,0,0,1,0,0,0,1,0,0,0,0,0,0,0,0,0,0,0,0,0,0,0,0,1,2,0,0,0,0,1,1,0,0,0,1,0,0,0,0,3,0,0,0,0,0,0,1
108,0,0,0,0,0,0,1,0,0,0,0,1,0,0,4,0,0,0,1,0,0,1,1,1,0,1,0,0,0,0,0,0,0,1,0,0,1,0,1,0,1,0,0,0,0,0,0,0,0,0,0,1,2,2,2,0,0,0,1,1,1,0,0,0,1,0,2,3,0,0,0,0,0,0,0,0,1,0,1,0,0,0,0,3,1,0,1,0,0,1,0,0,0,1,0,0,0,0,0,0,0,0,1,0,0,1,0,0,2,0,0,1,0,1,1,0,0,0,0,0,1,0,0,0,1,0,0,1,0,1,0,0,0,0,2,0,0,0,0,0,2,0,0,0,3,0,0,0,0,0,0,0,2,0,0,0,1,0,0,0,0,0,1,0,0,0,1,0,0,0,0,0,1,0,0,1,0,0,1,0,0,0,0,2,0,0,0,0,2,0,0,2,0,1,0,0,0,0,1,0,1
109,0,1,0,2,0,0,0,0,0,2,0,1,1,1,1,0,0,1,0,1,1,0,0,0,0,0,0,1,2,0,0,0,0,0,1,0,0,0,0,0,0,0,0,0,1,0,1,0,0,0,1,0,1,1,1,0,1,4,0,3,0,0,1,0,0,6,0,0,0,1,0,2,0,0,1,0,3,3,0,0,0,0,0,0,0,0,3,2,0,0,2,1,0,0,0,0,0,1,0,0,0,0,0,0,0,2,1,1,0,2,0,1,2,1,0,2,0,1,0,5,0,0,0,1,1,0,0,0,0,0,2,1,1,0,0,0,2,0,0,0,0,1,2,0,2,0,0,1,1,0,0,0,1,0,0,1,0,0,0,0,0,0,2,0,0,0,0,0,0,0,0,0,1,1,0,0,0,0,0,2,0,2,0,5,0,0,1,2,3,0,0,0,0,2,0,2,1,1,0,3,1
110,0,0,0,0,0,0,1,0,0,0,0,0,0,0,4,0,0,0,0,0,0,1,1,0,0,0,0,0,0,0,0,0,0,2,1,0,2,0,1,0,1,1,0,0,1,1,0,0,1,0,0,1,0,0,1,0,0,0,2,1,1,0,0,0,1,0,4,1,1,0,0,0,0,0,0,0,0,0,0,0,0,0,1,3,0,0,1,1,0,1,1,0,1,1,0,0,1,0,0,0,2,1,0,0,0,3,1,0,2,0,0,0,0,0,1,0,0,1,0,2,0,0,0,0,1,0,0,0,0,1,0,0,0,0,1,0,0,1,1,0,0,0,1,0,0,0,0,0,0,0,0,0,1,1,0,0,1,0,0,0,0,0,1,0,0,1,3,0,0,2,0,0,2,0,0,1,0,1,0,0,1,0,0,0,0,0,0,0,3,0,0,1,1,0,0,0,0,0,0,0,1
111,0,1,0,0,0,1,0,0,2,0,0,0,1,0,2,2,0,1,1,1,1,1,0,0,0,0,1,0,1,2,2,0,0,0,2,0,1,0,1,0,1,0,1,0,4,2,0,0,0,2,1,1,1,1,0,0,1,1,0,2,0,1,0,1,0,2,0,0,0,0,1,0,0,0,1,0,1,1,1,0,1,1,0,0,2,2,2,3,1,0,0,0,1,2,0,2,0,1,1,0,0,1,0,1,0,0,0,0,1,1,0,1,2,0,1,3,0,1,0,0,2,0,0,0,0,1,1,1,0,0,1,0,0,0,2,2,0,0,1,0,1,0,0,0,1,0,1,0,1,0,1,1,0,0,0,0,1,0,2,0,0,0,2,0,2,0,0,0,0,1,0,0,0,0,0,0,0,0,1,2,0,1,1,4,1,1,0,2,2,0,0,0,2,0,1,0,2,0,0,1,1
112,0,0,0,0,0,0,1,0,0,0,0,0,1,0,5,0,0,0,1,0,0,0,0,0,0,0,0,0,0,0,0,0,1,2,0,0,2,0,1,0,2,0,0,0,4,1,0,0,0,0,0,1,1,0,0,0,0,0,1,2,2,0,0,0,1,0,1,1,0,1,0,0,0,1,0,0,0,0,0,0,0,0,0,2,0,1,3,0,2,1,1,0,0,0,0,0,0,0,0,0,0,0,1,0,0,10,0,0,1,0,0,2,0,0,1,0,0,0,1,1,1,0,1,0,0,0,0,0,0,1,0,0,0,0,0,0,0,1,1,1,1,0,1,0,0,0,0,0,0,0,0,1,1,1,0,0,0,0,0,0,0,0,0,1,0,0,1,0,0,0,0,0,1,2,0,0,0,0,0,0,0,0,1,0,1,0,0,0,1,0,1,0,0,0,0,0,0,0,0,0,1
113,1,6,0,0,1,0,0,1,1,0,0,0,0,0,0,2,0,0,0,0,1,0,0,0,0,0,0,0,1,0,1,0,2,0,0,1,0,0,0,0,1,0,1,4,3,0,0,4,0,2,0,0,1,4,0,1,0,1,0,2,0,2,3,1,0,3,1,0,0,2,2,1,0,1,0,3,0,0,3,0,1,0,0,0,2,1,3,0,0,1,0,1,11,0,1,1,5,0,1,1,0,3,2,0,0,0,1,4,0,2,0,3,0,4,0,0,1,0,0,1,0,0,0,0,0,1,0,0,0,0,1,0,0,2,3,2,2,1,1,0,0,0,1,2,5,0,0,3,1,0,0,5,1,1,0,0,0,0,0,0,0,2,1,0,0,0,0,1,0,0,0,0,0,1,2,0,0,1,0,0,2,0,1,3,2,0,0,1,3,0,0,0,0,1,0,2,2,1,6,1,1
114,0,2,1,0,1,0,4,1,0,0,1,0,0,1,0,0,2,0,2,0,0,3,0,1,0,0,0,0,0,2,3,0,0,0,1,0,0,1,0,0,1,1,0,0,0,2,0,1,0,2,1,0,0,0,0,0,0,1,1,0,0,0,0,0,0,0,3,1,0,0,0,0,0,0,0,0,0,0,0,0,0,0,1,4,0,1,0,0,1,0,1,0,0,0,1,2,2,0,0,0,0,0,0,0,0,5,0,0,0,2,3,3,1,0,0,1,0,0,0,0,2,0,0,0,0,1,1,0,0,1,0,1,0,2,0,0,3,0,0,3,0,0,1,0,0,0,0,0,1,0,2,1,1,0,1,0,0,0,1,0,0,0,0,3,0,4,1,0,0,1,0,0,0,0,0,2,0,1,0,0,0,0,0,1,0,0,0,0,0,0,0,1,1,1,1,1,0,0,0,1,1
115,0,1,0,0,0,0,0,0,1,1,0,1,2,1,0,0,0,0,0,3,2,0,0,2,0,1,0,0,1,0,0,3,1,0,0,2,0,0,0,0,1,0,0,0,0,0,1,0,1,0,1,0,1,0,0,0,0,1,0,3,0,0,0,2,0,1,0,0,0,0,0,0,0,0,1,1,1,3,1,0,0,0,0,0,0,0,0,0,0,1,0,0,0,0,0,0,0,0,0,1,0,0,0,1,0,1,0,0,0,1,0,0,0,0,0,0,0,0,0,5,0,1,0,0,0,0,0,0,0,0,4,0,0,0,0,2,0,0,1,0,0,0,0,0,1,0,0,3,0,0,0,0,0,0,0,7,0,0,0,0,0,0,2,0,1,0,0,0,0,0,0,0,0,2,0,0,0,0,0,3,0,1,0,0,2,0,2,0,0,0,0,0,1,0,0,2,5,0,2,1,1
116,0,1,0,0,0,1,2,0,0,1,1,0,0,0,0,0,0,1,1,1,0,0,0,0,0,0,1,0,0,0,2,0,1,0,0,0,0,1,1,2,0,5,0,0,0,0,0,2,0,1,1,0,1,0,1,0,0,1,0,0,0,0,0,1,0,0,2,2,2,0,0,0,0,0,0,0,0,0,0,0,0,0,1,2,0,1,0,0,0,0,0,0,3,0,1,1,1,0,1,0,1,1,0,2,0,2,0,0,0,2,3,2,1,0,0,0,0,0,0,0,0,1,2,0,0,0,1,0,0,2,0,1,0,1,0,0,0,0,1,1,1,0,1,0,0,0,0,0,0,0,2,0,0,0,0,0,1,0,0,0,1,0,0,1,0,4,0,0,0,3,0,0,0,2,0,0,0,2,2,0,0,0,0,0,0,0,1,0,0,0,0,2,0,1,2,2,0,0,0,1,1
117,1,1,0,0,1,1,0,0,0,1,4,0,1,1,0,0,0,0,0,0,0,0,0,1,0,1,0,0,0,1,0,3,1,0,0,0,0,0,0,0,0,0,1,0,0,0,0,0,0,0,0,0,0,0,0,0,0,1,0,3,0,0,1,0,0,0,0,0,0,0,0,2,0,0,2,3,0,0,0,0,0,0,0,0,0,0,0,0,0,0,1,0,0,0,0,0,0,0,0,1,2,0,0,1,0,1,0,0,0,0,0,0,0,0,0,1,1,0,0,3,0,1,0,0,0,1,0,0,0,0,1,0,0,1,0,1,3,1,1,0,0,0,0,0,0,0,2,1,0,0,0,0,2,1,0,5,0,0,0,0,1,1,2,0,1,0,0,0,0,0,0,0,0,0,1,0,1,0,0,2,0,0,0,0,0,1,0,0,0,0,0,0,0,0,0,4,5,0,4,1,1
118,0,0,0,1,0,0,1,0,0,1,0,0,0,0,3,0,2,1,3,0,0,1,0,0,0,0,0,0,1,0,0,0,0,2,1,0,0,3,0,1,2,0,0,0,2,2,0,1,2,0,0,1,0,0,2,0,0,0,0,0,0,0,0,0,0,0,1,0,1,0,0,1,0,0,0,0,1,1,0,2,0,1,0,1,1,0,2,0,0,1,0,1,0,0,0,1,0,2,1,0,1,1,0,0,0,4,1,0,2,0,3,0,0,1,0,1,0,0,0,0,0,1,0,0,0,1,0,0,2,0,0,1,1,0,0,0,0,0,0,0,1,0,0,0,0,1,0,0,1,0,1,1,1,1,0,0,1,0,2,0,0,1,0,0,0,1,0,0,0,1,0,1,0,0,0,0,1,3,1,0,1,0,0,0,0,0,0,0,1,2,1,1,0,0,3,0,0,0,0,0,1
119,0,2,0,0,1,0,4,0,0,0,0,0,0,0,1,0,2,3,0,0,0,1,1,1,0,0,1,1,1,0,1,0,1,1,1,1,0,0,1,1,0,0,2,0,1,2,0,0,0,0,1,2,0,0,1,0,1,0,1,0,1,0,0,1,1,0,3,0,0,1,0,0,0,0,0,0,0,2,0,1,1,1,0,3,0,0,0,0,0,1,1,0,2,1,0,0,0,0,1,0,0,0,0,0,0,7,0,0,3,1,2,1,0,1,0,1,0,0,0,0,1,3,0,0,0,0,0,0,0,0,0,0,0,0,0,1,1,1,0,3,2,1,2,0,0,1,0,1,0,1,1,0,0,0,3,0,0,0,1,3,1,1,0,2,1,3,0,1,0,0,0,0,0,1,0,0,1,1,0,0,1,0,0,0,1,0,0,0,0,1,1,1,0,2,1,4,0,0,0,0,1
120,0,0,0,0,0,1,0,0,0,0,0,0,0,0,0,0,0,0,0,0,0,0,0,0,0,0,0,0,0,0,0,0,0,0,0,0,0,3,0,0,0,0,0,0,0,0,0,0,0,0,0,1,0,0,0,0,0,0,0,0,0,0,0,0,0,0,0,0,0,0,0,0,0,0,0,0,0,0,0,0,0,0,0,0,0,0,0,0,0,0,0,0,1,0,0,0,0,0,0,0,0,0,0,0,0,0,0,0,0,0,0,0,0,0,0,0,0,0,0,0,0,0,0,0,0,0,0,0,0,0,0,0,0,0,0,0,0,0,0,0,0,0,0,0,0,0,0,0,0,0,0,0,0,0,0,0,0,0,0,0,0,0,0,2,0,0,1,0,0,0,0,0,0,0,0,0,0,0,0,0,0,0,0,0,0,0,0,0,0,0,0,0,0,0,0,0,0,0,4,0,2
121,0,0,0,0,0,0,0,0,0,0,0,0,0,0,0,0,0,0,0,1,0,0,4,0,0,0,0,0,0,0,0,0,0,0,0,0,0,1,0,0,0,0,1,0,0,1,0,0,0,0,0,1,0,0,0,0,0,0,0,0,0,0,0,0,0,0,1,0,0,0,0,0,0,0,0,0,0,0,0,0,0,0,0,0,0,0,0,0,0,0,0,0,3,0,0,0,0,0,0,0,0,0,0,0,0,0,0,1,0,0,0,0,0,0,0,0,0,0,0,0,0,0,0,0,0,0,0,4,0,0,0,0,0,0,0,0,0,0,0,0,0,0,0,0,0,0,0,0,0,0,0,0,0,0,0,0,2,0,0,18,0,0,0,0,0,0,0,0,0,0,0,0,0,0,0,0,0,1,0,0,0,0,0,0,0,0,0,0,0,0,0,0,0,0,0,0,0,0,0,0,2
122,0,0,0,0,0,0,0,0,0,0,0,0,6,1,0,0,3,0,0,0,0,0,0,0,0,0,0,0,0,0,0,0,0,4,0,0,0,4,0,0,0,0,0,0,1,0,0,0,1,0,0,0,0,0,1,0,0,0,0,0,0,0,0,0,0,0,2,0,0,0,0,0,0,0,0,0,0,0,0,0,0,1,0,2,0,0,1,0,0,0,0,0,0,0,0,0,0,0,0,0,0,0,0,0,0,0,0,0,0,0,0,0,0,0,0,0,0,0,0,0,0,0,0,0,0,1,0,0,0,0,0,0,0,0,0,0,0,0,1,1,0,0,0,0,0,0,0,0,0,0,0,0,0,0,1,0,1,0,0,0,0,0,1,4,0,1,0,0,0,0,0,0,0,0,0,0,0,0,0,0,0,0,0,0,0,0,8,0,0,1,0,0,0,0,0,0,0,0,3,0,2
123,0,0,0,0,0,1,0,0,0,0,0,0,0,0,0,0,0,0,0,0,0,0,0,0,0,0,0,0,0,0,0,0,0,0,0,0,1,5,0,0,0,0,0,0,0,0,0,0,0,0,0,0,0,0,1,0,0,0,0,0,0,0,0,0,0,0,0,0,0,0,0,0,0,0,0,0,0,0,0,0,0,1,0,0,0,0,0,0,0,0,0,0,0,0,0,0,0,0,0,0,0,0,0,0,0,0,0,0,0,0,0,0,0,0,0,0,0,0,0,0,0,0,0,0,0,0,0,1,0,0,0,0,0,0,0,0,0,0,0,0,0,0,0,0,0,0,0,0,0,0,0,0,0,0,0,0,1,0,0,0,0,0,0,0,0,0,0,0,0,0,0,0,0,0,0,0,0,0,0,0,0,0,0,0,0,0,0,0,0,1,0,0,0,0,0,0,0,0,2,0,2
124,0,0,0,0,0,0,0,0,0,0,0,0,0,0,0,0,0,0,0,1,0,0,2,0,0,0,0,0,0,0,0,0,0,0,0,0,0,0,0,0,0,0,0,0,0,0,0,0,0,0,0,1,0,0,2,0,0,0,0,0,0,0,0,0,0,0,0,3,0,0,0,0,0,0,0,0,0,0,0,0,0,0,0,0,0,0,0,0,0,0,0,0,1,0,0,0,0,0,0,0,0,0,0,0,0,0,0,0,0,0,0,0,0,0,0,0,0,0,1,0,0,0,0,0,0,0,0,0,0,0,0,0,0,0,0,0,0,0,0,0,0,0,0,0,0,0,0,0,0,0,0,0,0,0,0,0,0,0,0,1,0,0,0,0,0,0,1,0,0,0,0,0,0,0,0,0,0,2,0,0,0,0,0,0,0,0,0,0,0,0,0,0,0,0,0,0,0,0,0,0,2
125,0,0,0,1,0,1,0,0,1,0,11,0,0,1,1,0,1,0,0,0,0,5,8,1,2,0,0,0,0,0,2,0,0,0,0,2,2,0,1,0,1,0,0,0,0,0,0,1,1,0,1,0,3,0,0,0,0,0,1,1,0,0,2,0,0,0,0,7,0,0,0,0,1,0,0,0,5,0,1,1,2,1,0,2,0,0,0,0,0,0,0,2,7,0,4,2,13,0,3,0,14,2,1,4,0,0,1,1,0,0,2,0,0,0,0,0,0,0,2,0,0,1,2,10,4,0,0,5,0,3,0,9,0,0,0,0,8,0,5,2,0,0,0,4,3,0,0,1,3,0,0,0,0,0,1,1,0,0,0,7,0,3,1,0,0,1,1,0,0,0,1,0,0,1,0,2,2,2,0,0,0,0,1,0,3,1,0,0,0,0,0,1,76,4,0,1,1,8,2,3,2
126,1,4,1,0,2,0,0,0,0,0,0,0,0,1,0,0,1,1,0,0,0,0,1,2,0,0,0,3,1,2,0,0,0,1,1,1,0,2,0,1,0,1,3,0,0,1,0,2,0,0,0,0,0,1,1,0,1,0,4,1,0,0,2,3,2,0,0,0,2,0,1,0,0,0,0,0,0,0,0,1,0,0,0,2,0,1,0,0,0,0,4,1,0,0,0,0,0,0,1,1,1,0,0,0,0,0,0,1,0,0,4,0,0,1,0,0,1,0,0,0,0,0,0,0,0,0,0,0,0,0,0,0,1,0,0,2,0,0,2,2,0,0,1,0,0,1,2,0,0,3,0,1,0,0,0,0,0,0,0,2,0,1,4,2,1,2,3,0,0,1,0,0,1,1,0,0,0,2,0,0,1,2,0,0,0,1,0,0,1,0,0,1,0,0,0,0,0,0,0,0,2
127,0,0,0,0,0,0,0,0,0,0,0,0,0,0,0,0,0,0,0,0,0,0,0,0,0,0,0,0,0,0,0,0,2,3,0,0,4,0,0,0,0,0,0,3,0,0,0,0,0,0,0,0,0,0,0,0,1,1,0,1,0,0,0,0,0,7,0,0,0,0,0,0,0,5,1,0,0,0,0,0,0,0,0,0,0,0,0,0,0,0,0,1,4,0,0,1,0,0,0,0,0,0,4,0,0,0,0,0,1,0,0,0,0,0,0,0,0,0,0,0,0,0,1,0,1,0,0,6,0,0,0,0,2,0,0,0,0,0,0,1,0,0,0,0,0,0,0,0,0,0,0,0,0,0,0,0,0,2,0,0,0,0,1,2,1,0,1,0,0,0,0,0,1,1,0,0,0,0,0,0,0,0,0,2,2,0,0,0,0,0,0,0,0,1,0,0,0,0,5,0,2
128,5,0,2,1,2,6,0,4,0,0,0,1,1,2,0,0,1,3,1,1,1,0,3,0,0,0,1,5,3,0,0,0,0,1,0,0,0,0,2,1,1,2,1,1,0,4,0,1,0,0,0,0,1,1,0,0,0,1,4,1,2,0,0,0,5,0,0,1,0,2,2,1,0,0,2,0,3,0,0,1,0,2,1,4,0,0,0,0,0,1,8,0,3,0,0,0,0,0,1,1,0,2,0,0,4,1,1,1,4,3,4,2,0,0,1,0,1,1,3,0,0,0,3,0,0,1,0,4,2,2,0,5,1,1,0,4,0,0,0,1,1,3,2,0,0,0,0,0,0,3,2,0,0,5,3,0,0,0,1,12,0,1,2,1,0,3,0,0,1,1,1,1,1,0,1,0,0,2,4,0,2,1,0,0,0,1,0,1,1,2,2,0,0,1,4,0,2,1,0,0,2
129,0,0,1,0,0,1,0,0,0,0,3,0,0,0,0,0,5,1,0,0,0,4,0,0,1,1,0,0,1,0,0,0,1,2,1,1,1,1,4,0,1,1,0,0,0,3,2,0,0,1,1,0,0,0,1,3,0,0,1,0,2,1,1,0,3,1,0,2,2,2,0,0,2,1,1,0,0,1,1,0,3,0,0,3,0,0,0,1,2,2,0,0,5,1,0,0,4,0,1,1,1,1,0,5,1,0,0,2,0,0,0,0,0,0,0,1,0,0,5,0,0,0,1,1,0,2,3,5,0,0,0,1,0,0,1,0,6,2,1,1,1,0,0,1,1,1,0,1,0,0,0,1,0,0,0,0,0,1,1,5,1,1,1,3,0,1,1,0,1,0,0,0,1,2,1,4,0,1,0,1,0,0,2,0,0,0,0,0,0,1,7,0,4,0,3,2,0,0,0,0,2
130,0,1,1,0,0,1,0,1,1,0,0,1,0,0,0,1,2,1,0,1,0,2,1,1,1,0,1,0,0,1,0,0,1,1,1,1,3,0,1,1,0,2,0,0,0,2,2,0,0,2,1,0,1,0,0,3,1,0,0,1,4,2,1,1,0,0,0,2,2,0,0,1,0,0,1,0,0,0,1,0,1,1,0,7,0,0,0,2,2,1,1,0,3,2,0,1,3,0,1,1,3,0,0,3,1,0,1,1,0,0,1,0,0,0,0,2,0,1,5,0,0,1,1,1,0,0,2,4,0,1,0,2,0,0,1,0,2,0,2,4,2,2,1,0,2,1,0,0,2,1,1,0,0,1,0,0,0,0,1,7,0,2,0,1,1,0,0,1,1,0,0,0,0,0,3,1,0,0,1,0,0,0,0,1,1,0,1,0,1,0,3,0,2,0,1,2,0,0,0,0,2
131,1,1,0,0,0,1,0,0,0,0,3,0,0,0,0,1,3,0,0,1,0,1,1,0,0,0,0,0,0,0,0,0,0,1,1,0,0,2,2,0,0,4,0,0,0,1,0,0,0,0,0,0,0,0,0,3,1,0,0,1,1,1,1,1,0,1,0,1,4,0,0,0,0,1,1,1,0,0,0,0,1,0,0,3,0,0,0,0,1,1,0,0,1,3,0,0,4,0,1,0,0,0,0,0,1,0,0,0,0,0,0,0,0,0,0,0,0,0,3,0,0,2,0,0,0,2,0,8,0,0,1,2,0,0,0,0,2,1,1,2,1,0,0,0,1,0,0,0,1,0,0,0,1,0,0,0,0,1,0,3,0,0,0,2,0,1,1,1,0,0,0,2,1,1,0,2,0,0,0,1,0,1,0,0,0,0,0,0,0,0,5,0,4,1,1,1,2,0,0,0,2
132,0,5,0,0,4,0,0,0,1,1,0,0,0,2,0,0,0,0,0,0,1,1,0,0,0,0,0,6,0,2,1,5,1,0,0,2,7,0,2,0,1,0,0,0,0,0,1,3,1,2,0,1,0,2,0,0,1,1,0,2,0,2,0,0,0,8,0,0,0,2,0,0,0,0,0,0,0,1,2,1,1,0,0,0,2,1,1,1,0,0,0,0,2,0,0,0,2,0,4,0,3,2,0,0,0,0,0,0,0,0,0,0,0,3,0,0,0,0,0,0,1,0,0,0,0,0,0,4,0,0,0,1,2,1,0,0,5,0,1,1,1,0,0,2,3,0,0,1,2,0,0,6,1,0,0,2,0,0,1,0,0,0,1,1,0,0,1,0,0,0,2,0,0,0,2,0,1,1,0,1,1,0,0,2,0,0,0,1,5,0,0,0,0,0,0,4,2,0,1,2,2
133,0,0,0,0,0,0,0,0,0,0,0,0,0,0,0,0,0,0,0,0,0,0,2,0,0,0,0,0,0,0,0,0,0,0,0,0,0,0,0,0,0,0,0,0,0,1,0,0,0,0,0,2,0,0,0,0,0,1,0,0,0,0,1,0,0,0,1,0,0,0,0,0,0,0,0,0,0,0,0,0,1,1,0,0,0,0,0,0,0,0,0,0,1,0,0,0,0,0,0,0,0,1,0,0,0,0,0,0,0,0,0,0,0,0,0,0,0,0,0,0,0,0,0,0,0,0,0,0,0,0,0,0,2,0,0,0,0,0,0,0,0,0,0,0,0,0,0,0,0,0,0,0,0,0,0,0,1,0,1,0,0,0,0,1,0,0,0,0,0,0,0,0,0,0,0,0,0,1,0,0,0,0,0,0,0,0,0,0,0,1,1,0,0,0,0,0,0,0,0,0,2
134,0,0,0,0,3,0,0,0,0,0,0,0,2,1,0,0,0,0,0,6,0,0,4,1,0,0,0,28,1,0,1,0,1,2,0,2,7,0,0,0,1,2,0,0,0,0,3,2,0,3,0,0,0,0,0,0,0,6,1,8,0,0,0,1,2,1,0,4,0,0,0,1,0,2,0,0,0,1,0,0,0,0,0,2,0,0,0,1,0,0,2,0,10,0,0,1,2,0,2,0,1,0,3,0,0,0,0,0,0,0,0,1,0,0,0,3,0,0,2,0,0,0,0,0,0,0,0,7,0,0,6,0,1,1,0,0,0,0,3,0,0,0,0,0,4,0,0,1,1,0,0,0,2,0,0,0,0,0,0,0,0,2,1,2,0,0,0,0,0,0,0,0,0,8,2,0,0,0,0,0,0,0,0,6,0,0,0,0,3,0,0,0,1,1,0,0,1,0,2,8,2
135,0,0,0,0,0,1,0,0,0,0,0,0,3,0,0,0,1,0,0,0,0,0,4,1,0,0,0,0,0,0,1,0,0,0,0,0,0,0,1,0,0,0,0,0,5,0,0,0,0,0,0,0,0,1,0,0,0,0,0,0,0,0,0,0,0,0,0,3,0,0,0,0,0,0,0,0,0,0,0,0,0,0,0,0,0,0,3,2,0,0,0,0,4,0,0,0,0,0,0,0,5,0,0,0,2,0,0,0,1,0,0,0,0,0,0,1,1,0,0,0,0,0,0,0,0,0,0,4,0,0,0,0,1,0,0,0,0,0,0,0,1,0,0,0,0,0,0,0,1,0,0,0,0,0,0,0,0,0,2,0,0,0,1,5,0,1,0,0,0,0,0,0,0,0,0,0,0,1,0,0,0,0,0,0,0,0,4,1,0,1,0,0,0,0,1,0,1,0,1,0,2
136,0,0,0,0,0,2,11,4,0,0,0,0,0,0,1,0,1,1,0,3,0,0,0,0,0,0,0,0,0,0,0,0,0,0,0,0,1,0,0,0,0,0,0,0,0,2,0,0,0,0,0,2,0,0,0,0,0,1,0,0,0,1,0,0,1,0,12,1,0,0,0,0,0,0,0,0,0,0,2,0,0,1,0,1,1,0,0,0,0,0,0,0,5,0,0,0,0,0,0,0,0,0,0,0,0,0,0,0,0,0,0,0,0,0,0,1,0,0,1,0,0,0,0,0,1,0,0,1,0,1,0,0,0,0,0,0,0,0,0,0,0,3,0,0,0,0,0,0,0,0,1,0,0,1,0,0,2,0,0,3,0,0,0,2,5,1,1,0,0,0,0,0,0,0,0,0,0,2,0,0,0,0,0,0,0,0,0,0,0,1,6,0,0,1,1,0,0,0,0,0,2
137,0,0,0,0,0,0,0,0,0,0,1,0,0,0,0,0,0,0,0,0,0,1,0,0,0,0,1,0,0,1,0,0,0,0,0,0,0,1,0,0,0,0,0,0,1,2,0,0,0,0,0,0,0,0,0,0,1,0,0,0,0,0,0,0,1,0,0,0,0,0,0,0,0,0,0,0,0,0,0,0,0,0,0,1,0,0,0,0,0,0,0,0,1,0,0,0,1,0,0,0,0,0,0,0,0,0,0,0,0,0,0,0,0,0,0,0,1,0,0,0,0,0,0,0,0,0,1,0,0,0,0,0,0,0,0,0,1,0,0,0,0,0,0,0,0,0,0,0,0,0,0,0,0,0,0,0,0,0,0,0,0,0,0,0,0,0,0,1,0,0,0,0,0,0,0,0,0,0,0,0,0,0,0,0,0,0,1,0,0,0,0,0,8,0,0,0,0,0,1,0,2
138,0,1,0,0,1,0,0,0,0,1,0,0,0,2,0,0,0,0,0,0,0,5,0,0,0,0,0,0,0,1,0,0,0,0,0,0,2,0,2,0,0,0,0,0,0,1,0,1,0,2,0,1,0,0,0,4,1,1,0,1,0,2,3,1,0,2,1,1,0,0,0,0,0,1,0,0,0,0,0,0,0,0,0,0,1,0,0,0,0,0,0,0,2,0,0,0,7,0,1,0,1,0,0,1,0,0,0,2,0,0,0,0,0,0,0,1,0,0,2,0,0,0,0,0,0,0,1,3,0,1,1,0,5,0,0,0,8,1,0,0,0,0,0,0,2,0,0,1,0,0,0,0,0,0,0,0,2,0,1,0,0,2,0,2,0,0,0,0,2,0,0,0,0,0,0,1,0,1,0,0,0,0,1,3,2,1,0,0,1,1,2,0,1,0,0,0,2,1,0,0,2
139,0,1,1,0,1,2,1,2,1,0,2,2,4,1,0,0,4,2,0,1,1,1,3,3,0,3,0,3,0,0,0,0,0,3,0,1,0,3,0,0,0,0,1,0,0,0,0,1,0,0,1,1,0,0,0,2,3,0,3,1,1,1,0,0,2,0,1,3,2,0,0,0,0,0,0,0,0,0,0,0,0,1,1,11,1,0,0,1,1,0,0,1,1,1,1,0,2,1,3,1,4,0,0,2,3,0,0,2,0,1,4,0,0,0,0,0,1,2,2,0,1,0,0,1,1,0,1,2,0,1,2,7,2,0,1,0,0,0,3,3,0,1,0,0,4,0,0,1,3,1,0,1,0,1,3,0,1,1,0,5,0,0,2,3,1,4,1,0,0,0,0,0,1,1,0,1,0,0,3,0,0,0,0,3,1,1,2,0,1,0,0,0,2,0,0,0,0,0,0,0,2
140,1,2,0,0,0,0,0,0,2,1,1,0,0,0,1,0,3,0,0,0,0,1,0,1,1,1,1,0,1,0,0,0,6,3,0,0,0,0,1,0,0,0,0,1,0,2,2,1,0,0,0,0,0,3,1,6,0,0,1,0,1,0,0,0,1,4,0,0,0,0,1,2,0,0,3,0,0,1,0,1,0,0,0,1,0,0,0,2,1,0,0,1,5,0,7,6,7,2,1,1,5,0,2,1,0,3,0,1,0,0,3,0,0,2,0,0,0,0,2,0,0,0,2,9,0,0,3,4,0,1,0,2,0,0,1,0,7,0,2,1,0,0,0,0,1,0,0,0,3,1,0,0,0,0,0,1,0,0,0,2,0,2,0,0,0,1,0,0,0,5,0,1,2,0,1,9,1,0,0,0,2,0,0,9,3,0,0,0,1,1,0,0,9,0,1,0,0,0,1,0,2
141,0,0,1,0,3,1,0,0,1,0,1,0,0,1,0,0,2,1,0,0,0,0,0,3,0,0,1,0,0,1,1,0,0,0,1,2,0,2,0,0,1,1,0,0,1,1,0,1,0,0,0,0,1,1,0,0,0,1,0,1,0,0,0,0,0,0,0,0,0,0,1,0,0,0,2,0,0,0,0,0,0,0,0,0,0,0,0,0,0,2,0,0,0,0,0,0,0,0,3,0,3,0,0,0,0,0,0,0,0,0,0,0,0,0,0,0,2,0,0,0,0,0,0,0,0,0,1,2,0,0,0,4,1,0,0,1,0,0,1,0,1,0,0,0,1,0,0,0,7,0,0,2,0,0,0,0,0,0,0,0,0,0,4,1,0,0,1,1,0,0,1,0,0,0,3,0,0,1,0,0,0,1,0,1,0,0,0,0,1,0,0,1,0,1,1,0,0,0,0,0,2
142,0,1,0,0,1,1,2,0,2,0,1,1,0,1,1,0,0,0,0,0,1,1,3,0,1,0,0,0,0,0,0,0,0,0,1,0,0,3,2,0,0,0,0,2,0,1,3,0,1,1,0,0,1,1,0,0,0,0,0,0,0,1,5,0,1,3,1,5,0,0,0,1,0,0,1,0,0,0,0,1,2,0,0,0,0,0,0,2,0,1,0,2,4,0,0,0,0,0,1,0,0,1,1,0,0,1,0,4,0,0,2,0,0,0,1,0,1,1,4,0,0,0,1,0,0,1,1,4,2,4,1,3,0,0,0,0,5,0,4,0,0,0,1,3,0,2,0,0,1,0,0,0,0,0,0,0,0,0,0,4,1,1,0,0,0,2,0,0,0,0,0,0,0,0,0,0,0,0,0,0,0,0,0,1,0,1,0,0,1,0,1,0,0,1,1,0,0,0,3,0,2
143,0,1,0,0,1,0,0,1,1,1,0,0,0,2,1,0,3,0,1,2,0,0,0,2,0,0,1,0,0,2,0,1,1,1,2,1,1,2,0,2,1,2,2,3,0,0,3,0,1,0,0,1,0,0,2,3,0,3,3,1,0,1,0,0,0,0,0,2,0,0,0,2,0,0,0,0,0,0,1,1,1,0,0,9,0,0,0,1,2,3,3,0,3,0,1,0,1,1,1,0,3,2,0,0,1,0,0,2,2,1,0,1,0,1,0,0,0,2,2,0,1,1,0,0,1,0,0,1,0,3,0,9,0,0,0,0,1,0,1,3,0,1,1,4,1,3,0,1,5,1,0,1,0,1,2,0,1,0,0,8,1,0,7,3,0,1,1,1,2,3,0,0,0,0,0,2,0,1,0,0,0,0,1,5,0,0,0,0,0,2,3,0,1,1,1,2,4,1,2,1,2
144,0,0,0,0,0,0,0,0,0,0,0,0,0,1,0,0,0,0,0,0,0,0,0,1,0,0,0,0,0,0,0,0,0,1,0,0,0,0,1,0,0,0,0,0,0,0,0,0,0,0,0,0,0,0,0,0,0,0,0,0,0,0,0,0,0,0,1,2,0,0,0,0,0,0,2,0,0,0,0,0,0,0,0,0,0,0,0,0,0,0,0,0,3,0,0,0,0,0,0,0,0,1,0,0,0,0,0,0,0,0,0,0,0,0,1,0,0,0,0,0,0,0,0,0,0,2,0,2,0,0,0,2,0,0,0,0,0,0,0,0,0,0,0,0,0,0,0,0,0,0,0,0,0,0,0,0,0,0,0,5,0,0,4,0,0,0,1,0,0,0,0,0,0,0,0,0,0,0,0,0,0,0,0,0,0,0,0,0,0,0,1,0,0,0,0,0,0,0,4,0,2
145,1,0,1,1,0,1,0,0,1,0,4,0,3,1,1,0,1,0,0,0,0,0,0,0,0,0,0,0,2,0,0,0,1,0,0,0,2,0,0,0,0,1,1,1,0,0,0,0,1,0,0,0,0,0,0,4,1,0,0,0,0,0,0,0,1,0,0,1,1,0,1,0,0,1,0,1,0,1,0,0,0,1,0,1,0,0,0,1,2,1,0,0,5,2,0,0,4,1,0,0,0,0,0,1,2,0,0,1,0,0,3,0,0,1,0,0,1,0,4,0,1,0,0,0,0,0,0,4,0,0,0,0,0,1,1,1,2,0,0,7,0,0,0,0,0,1,0,0,0,0,0,0,0,0,1,0,0,0,0,3,0,0,0,0,1,1,0,1,0,0,0,0,0,0,1,2,0,1,0,0,1,0,0,0,0,0,1,0,0,0,1,1,3,0,0,0,1,0,0,0,2
146,0,0,0,0,0,0,0,0,0,0,0,0,0,0,0,0,0,0,0,1,0,0,1,0,0,0,0,0,0,0,0,0,0,0,0,0,0,2,0,0,0,0,0,0,0,1,0,0,0,0,0,1,0,0,2,3,0,1,0,0,0,0,0,0,0,0,1,0,0,0,0,0,0,0,0,0,0,0,0,0,0,0,0,0,0,0,0,0,0,0,0,0,3,0,0,0,2,0,0,0,0,0,0,0,0,0,0,0,0,0,0,0,0,0,0,0,0,0,0,0,0,0,0,0,0,0,0,5,0,0,0,11,0,0,0,0,0,0,0,0,0,0,0,0,0,0,0,0,0,0,0,0,0,0,0,0,1,0,0,0,0,0,0,12,0,0,0,0,0,0,0,0,0,0,0,0,0,1,0,0,0,0,0,0,0,0,0,0,0,0,0,0,0,0,0,0,0,3,0,0,2
147,0,0,0,0,4,0,0,0,0,0,0,0,1,1,0,0,0,0,0,0,0,0,0,3,0,1,1,2,1,0,4,1,0,0,0,0,0,5,0,0,0,0,0,0,0,1,1,1,0,0,0,0,0,0,0,0,0,0,0,0,0,0,1,0,0,0,0,0,0,0,0,0,8,0,0,0,0,2,1,0,1,0,0,1,1,0,0,0,0,0,1,0,4,0,0,0,0,3,5,0,2,0,3,0,0,0,0,0,0,0,0,0,0,2,0,0,0,0,0,0,0,0,0,1,0,0,0,2,0,0,0,1,0,1,0,0,0,1,5,0,0,0,0,0,1,0,0,0,3,0,0,1,1,0,0,0,0,0,0,4,0,0,5,0,0,0,0,0,0,0,1,0,1,0,11,0,0,0,0,0,0,0,0,3,0,0,1,0,0,0,0,0,0,0,0,0,7,1,6,0,2
148,1,0,7,0,1,2,1,0,2,3,11,2,1,2,1,1,2,0,0,0,1,0,1,2,2,3,1,0,0,2,1,0,0,3,1,5,4,1,1,1,1,2,0,0,0,5,0,1,3,3,0,3,0,0,1,3,1,2,1,1,2,0,0,0,1,0,1,0,0,2,0,1,0,2,0,0,0,1,1,0,0,0,0,1,0,2,0,1,2,1,2,0,3,7,0,1,1,0,3,0,1,0,0,9,7,0,0,0,0,1,0,0,0,4,0,0,4,0,3,0,3,2,1,0,1,1,4,4,1,0,2,0,2,0,7,1,3,0,0,0,1,0,0,0,1,1,1,3,3,1,1,0,0,0,1,3,1,0,0,0,3,0,2,2,2,1,2,0,2,0,0,0,1,0,1,14,1,2,2,1,3,0,0,1,1,0,0,0,1,0,6,7,1,1,3,0,3,0,0,1,2
149,0,1,0,0,11,0,0,1,2,0,0,0,3,15,0,2,0,0,0,0,0,0,6,2,0,0,0,0,0,0,0,0,0,0,0,2,6,0,1,0,0,0,0,0,4,0,0,0,0,0,0,0,2,1,0,0,0,1,0,1,0,0,0,0,0,26,1,1,0,0,0,1,0,6,3,0,0,1,1,0,0,0,0,0,0,4,4,0,1,3,0,0,1,2,0,0,0,0,3,1,2,0,0,0,1,0,0,0,1,1,0,0,0,1,1,1,1,1,1,0,1,5,0,1,2,0,2,4,0,1,0,0,1,0,3,0,0,0,7,0,3,0,0,2,0,2,0,0,4,1,0,1,0,0,0,0,3,0,0,0,1,1,11,1,0,0,1,0,1,0,1,1,0,2,7,0,0,1,0,0,0,0,0,0,0,0,0,3,1,0,0,5,0,2,1,0,6,0,2,1,2
150,0,0,0,1,0,1,2,0,0,0,0,0,0,1,2,0,1,1,0,1,0,0,0,2,0,0,1,4,0,0,1,0,1,0,0,1,0,4,1,0,0,0,1,0,0,3,0,0,0,0,0,0,0,0,2,0,0,1,0,0,0,1,1,1,0,0,2,0,0,2,0,0,0,1,1,0,0,1,0,0,1,1,0,2,0,0,1,0,0,0,1,1,0,0,0,0,0,0,1,0,1,0,0,0,1,4,0,0,1,1,1,0,0,0,1,0,0,1,0,0,1,0,0,0,0,2,0,0,2,0,1,2,0,1,0,0,0,1,0,0,0,1,0,1,2,0,0,0,0,1,0,2,0,1,0,0,0,0,1,1,1,0,1,2,0,0,0,0,0,0,0,2,0,1,0,0,0,2,1,0,0,0,0,0,0,0,0,0,0,2,0,0,1,1,0,0,0,1,1,0,2
151,1,2,0,19,0,1,33,4,0,0,0,0,0,0,0,1,0,1,0,7,0,0,0,0,0,0,14,1,1,0,0,0,1,0,2,0,0,3,1,0,0,0,2,2,1,1,0,0,0,0,0,0,0,0,2,0,0,2,0,0,1,0,0,1,0,1,9,0,0,0,1,0,19,0,0,0,0,0,0,0,6,0,1,0,0,0,0,0,0,0,2,2,1,0,1,0,0,0,0,0,0,0,11,0,0,0,0,8,2,0,0,0,0,0,0,0,0,0,1,0,0,0,2,0,0,5,0,1,6,2,2,1,0,0,0,0,0,0,0,0,0,6,0,0,0,0,1,0,0,4,0,0,1,4,0,0,1,0,0,0,0,1,0,0,0,0,0,0,0,0,0,2,1,32,0,0,0,1,0,0,0,0,0,0,0,0,0,2,0,1,0,0,0,0,7,1,0,0,0,1,2
152,5,1,0,0,4,7,0,0,1,1,0,0,4,14,0,0,3,10,1,4,2,17,6,2,5,0,0,150,3,2,0,2,5,13,0,1,8,3,6,0,2,2,0,0,4,0,0,6,0,8,0,1,0,3,1,7,1,21,4,2,0,5,28,0,4,0,0,11,1,1,5,12,0,2,0,0,1,1,0,1,31,1,0,13,2,0,5,3,0,1,125,6,16,5,6,1,2,0,3,0,3,0,0,0,9,1,2,1,0,0,0,0,0,5,0,0,1,1,10,0,0,0,1,0,3,0,0,16,0,1,2,1,1,1,0,2,0,1,2,1,0,0,0,0,5,6,0,4,2,8,1,6,0,9,3,2,1,0,0,8,0,1,4,6,0,3,0,0,0,3,0,0,0,1,2,0,1,3,0,0,0,1,0,7,4,0,2,1,8,1,1,5,0,1,6,0,3,0,4,0,2
153,6,5,1,5,2,2,0,3,1,4,1,1,1,3,2,1,1,3,0,3,0,0,1,2,1,2,2,6,3,3,0,0,1,2,2,2,8,2,3,3,0,1,4,0,0,0,0,1,1,5,2,1,1,1,1,3,0,1,1,0,1,0,3,0,0,2,1,8,0,1,2,1,5,2,3,2,1,3,1,4,1,2,1,2,1,0,0,3,1,4,9,1,13,0,2,1,0,8,1,0,1,1,1,1,2,0,3,0,2,1,0,2,0,1,1,5,2,1,12,3,2,3,4,0,0,1,1,14,1,9,0,0,2,1,2,2,2,3,2,1,3,1,0,2,2,1,1,2,0,3,1,3,1,3,1,2,4,1,1,0,0,6,0,0,7,0,4,2,0,2,1,3,5,0,1,0,0,2,2,2,4,5,0,0,2,1,2,0,3,2,3,4,0,5,3,2,1,0,1,5,2
154,1,0,1,0,1,1,0,0,4,0,11,3,3,2,0,4,8,2,1,1,0,2,1,5,4,6,0,0,0,0,2,0,0,6,1,2,3,4,1,3,3,8,0,0,0,0,0,0,0,2,0,3,2,0,0,2,4,0,3,0,1,0,0,1,7,0,0,0,7,1,1,0,0,4,3,1,1,0,0,0,0,0,0,8,0,9,0,0,1,9,0,0,3,0,0,1,0,0,4,0,0,0,0,3,2,0,0,0,0,0,6,0,0,2,0,1,8,0,0,1,0,0,0,0,0,1,3,4,0,2,0,0,2,0,3,2,1,0,5,6,0,2,0,0,1,1,0,2,2,0,0,0,0,0,5,1,0,0,0,0,0,1,3,7,0,11,1,1,1,0,3,1,2,0,1,11,0,2,0,0,0,0,7,0,0,0,0,0,0,0,3,7,1,1,0,0,4,0,3,0,2
155,1,0,2,0,0,1,0,0,0,0,2,0,0,1,3,0,5,0,0,2,1,2,4,0,1,2,0,1,0,0,1,0,0,0,0,0,2,0,2,0,2,4,0,0,1,1,1,0,1,2,0,0,0,0,0,3,3,1,0,0,1,3,1,0,1,1,0,2,1,0,0,0,0,0,0,0,0,0,2,0,1,3,0,1,0,0,2,2,1,0,0,0,4,0,1,1,2,0,2,0,2,1,0,6,1,0,0,1,0,0,5,1,0,0,0,1,1,2,3,0,0,0,0,2,0,0,0,4,0,1,3,1,1,0,0,0,0,0,0,3,0,0,0,1,0,0,1,0,4,0,0,0,0,0,2,0,0,0,1,2,0,0,0,1,0,6,3,1,0,1,0,0,1,0,0,3,0,1,0,0,0,0,1,0,0,2,0,2,0,1,2,0,3,2,0,0,2,1,1,0,2
156,1,0,0,0,3,1,0,0,0,0,0,1,0,5,0,0,0,0,0,0,0,0,0,3,0,0,0,0,0,2,1,1,0,1,0,3,4,6,0,1,2,1,0,0,1,1,0,3,0,1,0,3,0,0,0,0,0,0,1,0,0,1,0,1,0,0,0,1,2,0,0,0,0,1,0,0,0,0,0,0,0,0,0,1,0,0,1,0,0,1,0,0,5,0,0,0,0,0,2,1,4,0,0,0,1,0,1,0,2,0,0,1,0,0,0,1,0,1,0,0,3,0,0,0,0,1,0,3,0,1,0,1,0,3,1,0,0,0,4,0,1,0,0,2,1,1,0,1,2,1,0,1,0,0,0,0,2,2,1,12,2,0,2,1,1,0,3,0,0,0,0,0,0,0,2,0,0,2,0,0,0,0,0,0,0,0,0,0,1,0,0,0,0,0,0,0,4,0,0,0,2
157,0,0,0,0,0,0,0,0,0,0,0,0,0,0,0,0,0,0,0,0,0,0,1,0,0,0,0,0,0,0,0,0,0,0,0,0,0,1,0,0,0,0,0,0,0,0,0,0,1,0,0,1,0,0,1,0,0,0,0,0,0,0,0,0,0,0,0,2,0,0,0,0,0,0,0,0,0,0,0,0,0,0,0,0,0,0,0,0,0,0,0,0,2,0,0,0,0,0,0,0,0,0,0,0,0,0,0,0,0,0,0,0,0,0,0,0,0,0,1,0,0,0,0,0,0,0,0,5,0,0,0,2,0,0,0,0,0,0,0,0,0,0,0,0,0,0,0,0,0,0,0,0,0,0,0,0,0,0,0,7,0,0,0,0,0,0,0,0,0,0,0,0,0,0,0,0,0,1,0,0,0,0,0,0,0,0,0,0,0,0,0,0,0,0,0,0,0,0,0,0,2
158,2,0,0,7,1,0,9,0,0,0,0,0,0,0,0,0,1,0,0,0,4,0,1,0,0,0,1,1,3,0,1,0,0,1,0,0,7,2,2,0,0,0,4,5,0,0,2,0,1,0,0,1,0,0,1,0,0,1,0,0,0,3,8,1,2,36,10,8,1,2,0,1,16,0,1,3,0,1,0,0,9,7,5,1,0,0,0,5,0,0,0,0,2,0,0,0,0,3,1,0,0,2,20,0,0,3,3,4,0,3,0,1,0,0,1,1,0,2,2,6,0,0,0,0,0,0,0,3,1,3,0,11,0,0,0,0,0,1,0,0,0,1,1,1,0,0,4,2,0,0,0,2,2,1,0,0,1,0,0,31,0,2,0,0,1,0,1,1,1,0,0,0,0,3,2,0,1,0,0,4,1,2,0,0,0,0,0,0,1,3,5,0,0,1,4,0,2,0,2,0,2
159,0,0,0,0,0,0,0,0,0,0,0,0,0,0,0,0,0,0,0,0,0,0,0,0,0,0,0,0,0,0,0,0,0,0,0,0,0,4,0,0,0,0,1,0,0,0,0,0,0,0,0,0,0,0,2,0,0,0,0,0,0,0,1,0,0,0,0,0,0,0,0,0,0,0,0,0,0,0,0,0,0,0,0,1,0,0,0,0,0,0,0,0,0,0,0,0,0,0,0,0,0,0,0,0,0,0,0,0,0,0,0,0,0,0,0,0,0,0,0,0,0,0,0,0,0,0,0,0,0,0,0,0,0,0,0,0,0,0,0,0,0,0,0,0,0,0,0,0,0,0,0,0,0,0,0,0,0,0,0,0,0,0,0,0,0,1,2,0,0,0,0,0,0,0,0,0,0,0,0,0,0,0,0,0,0,0,0,0,0,0,1,0,0,0,0,0,0,0,4,0,2
160,1,2,0,0,2,2,2,1,0,0,0,0,1,2,0,0,0,0,0,1,0,0,1,1,0,0,0,0,0,0,1,0,0,2,0,0,3,0,1,0,0,1,2,0,3,3,0,3,0,0,0,0,0,0,1,0,0,1,2,0,0,0,0,0,0,2,0,0,0,0,0,1,0,0,0,1,0,0,1,1,0,0,0,2,0,0,3,0,0,0,0,0,6,0,0,0,0,0,1,1,0,0,0,0,1,1,0,0,1,2,1,1,0,0,0,0,0,0,4,0,0,0,0,0,0,1,0,4,3,0,1,5,0,3,1,0,0,0,0,0,0,1,0,2,3,0,0,0,1,0,0,1,1,1,1,0,0,0,0,1,0,0,1,4,1,0,0,0,0,1,0,0,0,0,1,0,0,2,0,0,0,0,1,0,0,0,1,0,0,0,4,0,0,0,1,1,2,0,0,0,2
161,0,0,0,0,0,0,0,0,0,0,0,0,0,1,0,0,0,0,0,0,0,0,0,0,0,0,0,0,0,0,0,0,0,1,0,0,0,3,0,0,0,0,0,0,0,0,0,0,0,0,0,0,0,0,1,0,0,0,0,0,0,0,0,0,0,0,0,2,0,0,0,0,0,0,0,0,0,0,0,0,0,0,0,1,0,0,0,0,0,0,0,0,5,0,0,0,0,0,0,0,0,0,0,0,0,0,0,0,0,0,0,0,0,0,0,0,0,0,0,0,0,0,0,0,0,0,0,6,0,0,0,0,0,0,0,0,0,0,0,1,0,0,0,0,0,0,0,0,0,0,0,0,0,0,0,0,0,0,0,0,0,0,0,0,0,0,0,0,0,0,0,0,0,0,0,0,0,0,0,0,0,0,0,0,0,0,0,0,0,0,0,0,0,0,1,0,0,0,4,0,2
162,1,3,0,0,3,0,0,0,0,1,0,1,0,2,0,1,2,0,0,0,0,0,0,1,2,0,2,2,2,1,1,0,0,3,0,1,3,0,0,0,0,1,1,0,0,0,0,0,0,1,0,2,0,2,1,1,0,0,1,1,1,0,0,0,2,0,1,0,0,1,0,1,0,0,0,0,0,0,1,2,0,0,0,3,2,0,0,1,0,0,5,0,7,0,0,1,0,0,2,0,2,0,1,1,1,0,0,0,1,0,4,1,0,3,0,1,0,0,0,2,0,2,1,0,0,0,0,7,0,0,1,0,0,0,0,0,0,0,1,2,1,1,0,0,0,0,1,1,0,1,0,1,1,0,2,1,1,0,2,0,0,2,0,1,3,1,2,0,0,1,0,0,2,0,3,0,0,3,0,0,0,2,0,0,0,0,0,0,2,0,2,0,0,0,0,1,0,0,3,4,2
163,1,0,3,0,1,1,0,0,0,0,3,1,0,1,0,0,2,0,0,1,0,0,1,0,0,0,0,0,1,1,1,0,0,3,1,1,0,0,0,2,0,3,1,0,1,0,1,0,0,0,1,1,0,0,0,0,0,1,2,0,3,0,1,0,2,0,1,0,2,1,0,1,0,1,2,0,2,1,0,1,0,0,0,1,0,0,1,3,0,1,0,1,6,0,0,1,1,0,3,0,3,2,1,0,4,0,0,0,0,0,4,0,1,2,3,0,1,0,0,0,3,1,1,1,3,0,1,1,0,0,1,5,0,0,1,0,0,0,3,1,1,0,1,1,5,1,0,0,8,1,0,2,0,1,2,0,1,1,0,9,0,1,5,3,1,3,0,0,0,2,0,0,0,1,3,0,0,1,0,1,1,0,0,0,1,1,0,1,3,1,0,0,0,2,1,0,2,1,1,0,2
164,0,0,1,0,0,1,0,0,0,0,0,0,0,3,0,0,0,0,0,1,0,0,3,1,0,0,0,0,0,0,0,0,0,0,0,0,0,0,0,0,0,0,0,2,0,1,0,0,0,0,0,1,0,0,0,0,0,0,0,0,0,0,0,0,0,0,1,3,0,0,0,0,0,0,1,0,0,0,0,0,0,0,0,0,0,0,0,0,0,0,0,0,3,0,0,0,0,0,0,0,0,0,0,0,0,0,0,1,0,0,0,0,0,0,0,0,0,0,1,0,0,0,0,0,0,0,0,6,0,0,0,1,0,0,0,0,0,0,0,0,0,0,0,0,0,0,0,0,0,0,0,0,0,0,0,0,0,0,3,4,0,0,3,2,0,0,1,0,0,0,0,0,0,0,0,0,0,1,0,0,0,0,0,0,0,0,0,0,0,0,0,0,0,0,0,0,1,0,0,0,2
165,0,0,0,1,6,1,1,0,0,1,0,1,6,4,0,0,0,0,0,0,0,0,0,3,0,0,0,0,0,0,1,0,1,0,0,4,0,0,0,0,1,0,1,0,1,0,1,0,0,0,0,1,1,0,0,0,0,0,0,0,0,0,1,0,1,34,1,0,0,0,0,0,0,0,2,0,0,0,0,0,0,0,1,1,0,0,1,0,0,0,0,0,0,0,0,0,0,1,3,0,1,0,2,0,0,0,1,0,0,0,0,0,1,0,0,0,0,0,0,0,1,0,0,0,0,0,0,0,0,0,0,0,2,0,0,0,0,0,1,0,0,0,0,0,0,0,0,0,3,0,0,0,0,0,0,1,0,0,1,0,1,0,6,0,0,0,0,0,0,0,0,1,0,0,1,0,0,1,0,0,0,0,0,7,0,1,6,0,0,0,0,1,0,0,0,1,2,1,3,1,2
166,0,0,0,0,1,0,0,0,0,0,0,0,0,1,0,0,1,0,0,0,0,0,0,0,0,0,0,0,0,0,0,0,0,5,0,0,0,5,0,0,0,0,0,0,0,0,0,0,0,0,0,1,0,0,1,0,0,0,1,0,0,0,0,0,0,0,0,1,0,0,0,0,0,0,0,0,0,0,0,0,0,0,0,1,0,0,0,0,0,0,0,0,4,0,0,0,0,0,0,0,0,0,0,0,0,0,0,0,0,0,0,0,0,0,0,0,0,0,0,0,0,0,0,0,0,1,0,1,0,0,0,0,0,0,0,0,0,0,0,1,0,0,0,0,0,0,0,0,1,0,0,0,0,0,0,0,2,0,2,4,0,0,0,4,0,0,1,0,0,0,0,0,0,0,0,0,0,0,0,0,0,0,0,0,0,0,0,0,0,0,0,0,0,0,0,0,1,0,4,0,2
167,0,1,0,1,0,0,0,0,0,1,0,0,0,0,0,0,2,0,1,1,0,0,1,1,1,0,1,3,0,2,1,0,0,2,1,0,4,2,0,2,0,2,0,0,0,1,0,0,2,1,0,1,0,0,0,3,0,0,0,5,0,0,0,1,0,0,0,3,1,0,0,0,0,0,1,1,0,0,1,3,0,0,1,3,0,0,0,0,1,0,2,0,4,1,1,0,2,0,2,0,1,1,0,0,2,0,0,1,0,0,1,1,0,1,0,1,0,1,4,1,0,1,1,0,0,0,0,6,0,1,4,5,0,0,0,0,0,0,1,2,0,0,1,0,0,3,1,1,1,1,1,1,1,1,0,1,0,0,0,7,1,2,0,4,0,1,2,0,1,4,2,1,0,4,1,1,0,2,0,0,0,0,0,0,0,0,0,0,0,0,2,0,0,0,1,0,1,1,0,3,2
168,0,0,0,0,0,0,0,0,0,0,0,0,0,1,0,0,0,0,0,0,0,0,0,0,0,0,0,0,0,0,0,0,0,0,0,0,1,2,0,0,0,0,0,1,0,1,0,0,0,0,0,0,0,0,1,0,0,0,0,0,0,1,2,0,0,12,0,0,0,0,0,0,0,0,0,0,0,1,0,0,0,0,1,0,0,0,0,0,0,0,0,0,17,0,0,0,0,0,0,0,0,0,0,1,0,0,0,2,0,0,0,0,0,0,0,0,1,0,0,0,0,0,0,0,0,0,0,9,0,0,0,0,0,0,0,0,0,0,1,0,0,0,0,0,0,0,0,0,0,0,0,0,0,0,0,0,0,0,0,0,0,0,2,0,0,0,0,0,0,0,0,0,0,0,0,0,0,1,0,0,0,0,0,2,0,0,0,0,0,0,0,0,0,0,0,0,0,0,2,0,2
169,0,0,0,0,0,0,1,0,0,0,0,0,0,0,0,0,0,0,0,1,0,0,0,0,0,0,1,0,0,0,0,0,0,0,0,0,0,2,0,0,0,0,0,0,0,2,0,0,0,0,0,0,0,0,0,0,0,1,0,0,0,0,0,0,0,0,2,0,0,0,0,0,0,0,0,1,0,0,0,0,0,1,0,0,0,0,0,0,0,0,0,0,2,0,0,0,0,0,0,0,0,0,0,0,0,0,0,0,0,0,0,0,0,0,0,0,0,0,3,0,0,0,0,0,0,1,0,1,0,0,0,0,0,0,0,0,0,0,0,0,0,0,0,0,0,0,0,0,0,0,0,0,0,0,0,0,1,0,0,0,0,0,0,0,0,0,0,0,0,0,0,0,0,1,0,0,0,1,0,1,0,0,0,0,0,0,0,0,0,1,0,0,0,0,0,0,0,0,0,0,2
170,0,0,0,0,0,0,1,0,0,0,0,0,0,0,0,0,0,0,0,0,0,0,0,0,0,0,0,0,1,0,0,0,1,1,0,0,0,0,0,0,0,0,1,0,0,0,0,0,0,0,0,0,0,0,2,0,0,0,0,0,0,0,0,0,0,0,1,5,0,0,0,0,0,0,0,0,1,0,1,0,1,0,0,0,0,0,0,0,0,0,0,0,5,0,0,0,0,0,0,0,0,0,0,0,0,0,0,0,0,0,0,0,0,0,0,0,0,0,0,0,0,0,0,0,0,1,0,4,0,0,0,4,1,0,0,0,0,0,0,0,0,0,0,0,0,0,0,0,0,0,0,0,0,0,0,0,0,0,0,2,0,0,0,1,0,0,2,0,0,0,0,0,0,0,0,0,0,2,0,0,0,0,0,0,0,0,0,0,0,0,0,0,0,0,1,1,0,0,0,0,2
171,0,0,0,0,0,0,0,0,0,0,1,0,0,0,0,0,0,0,0,0,0,1,2,1,1,0,0,0,0,0,0,1,0,0,0,1,3,1,0,0,0,0,0,0,0,0,0,0,0,0,0,0,0,0,0,0,0,0,0,0,0,0,0,0,0,0,0,0,0,0,0,0,0,1,0,0,0,0,0,0,0,0,0,0,0,0,0,0,1,0,0,0,5,0,0,1,1,0,1,0,1,0,0,1,0,0,0,0,0,0,0,0,0,0,0,0,0,0,1,0,0,0,0,0,0,0,0,14,0,0,0,0,0,0,0,0,0,0,0,1,0,0,0,0,1,0,0,1,0,0,0,0,0,0,0,0,0,0,0,0,0,1,1,0,0,0,0,0,0,0,0,0,0,0,1,0,0,0,0,0,0,0,0,0,1,0,1,0,0,0,0,0,6,0,0,0,1,0,2,0,2
172,1,0,0,1,2,3,0,0,2,0,25,0,2,8,0,1,2,0,0,1,0,1,0,2,0,7,0,0,0,0,2,0,2,0,0,1,4,3,2,1,0,0,0,1,0,0,0,0,2,0,0,0,1,0,1,2,0,0,3,0,2,0,0,2,0,4,0,2,1,3,3,0,0,2,0,0,0,0,1,0,0,0,1,2,2,1,0,0,0,3,0,1,0,1,0,4,13,0,4,0,13,0,0,16,1,0,1,0,0,0,1,0,0,0,0,2,3,0,1,0,0,1,0,3,0,2,4,3,1,0,0,10,2,4,1,0,21,0,1,1,0,0,0,4,4,0,0,0,6,1,4,1,0,0,1,0,0,5,4,0,0,0,1,0,0,2,0,1,0,0,0,1,1,0,0,18,0,1,1,0,2,0,0,0,0,0,0,0,0,0,0,0,69,1,1,1,6,1,0,2,2
173,0,1,0,0,1,1,0,0,0,0,0,0,0,3,0,0,1,0,0,0,0,0,0,0,0,0,1,0,0,0,0,0,0,4,0,1,5,0,0,0,0,0,2,0,2,2,0,0,0,0,0,0,1,0,0,0,0,1,2,0,1,0,0,0,2,0,0,1,1,0,0,0,0,1,1,0,0,0,0,0,0,0,0,0,0,0,2,1,0,0,0,0,3,0,0,0,0,0,0,0,0,0,0,0,0,1,0,0,0,0,3,0,1,0,0,0,0,0,0,0,2,0,0,0,0,1,0,1,0,0,0,0,2,0,0,0,0,0,1,0,0,0,0,0,0,0,0,1,0,0,0,0,0,0,1,0,0,0,1,1,0,0,0,4,0,4,1,0,0,2,0,0,0,0,0,0,0,2,0,1,0,0,0,0,0,0,0,0,0,0,2,0,0,0,0,0,0,0,0,0,2
174,0,0,0,0,0,1,0,0,0,0,0,0,0,0,0,0,0,0,0,0,0,0,0,0,0,0,0,0,1,0,0,0,0,0,0,0,0,2,0,0,0,0,0,0,0,0,0,0,0,0,0,1,0,0,2,0,0,0,0,0,0,0,0,0,0,0,0,1,0,0,0,0,0,0,0,0,0,0,0,0,0,0,0,0,0,0,0,0,0,0,0,0,1,0,0,0,0,0,0,0,0,0,0,0,0,0,0,0,0,0,0,0,0,0,0,0,0,0,1,0,0,0,0,0,0,0,0,1,0,0,0,0,0,0,0,0,0,0,0,0,0,0,0,0,0,0,0,0,0,0,0,0,0,0,0,0,0,0,0,32,0,0,0,0,0,0,1,0,1,0,0,0,0,0,0,0,0,1,0,0,0,0,0,0,0,0,0,0,0,0,0,0,0,0,0,0,0,0,0,0,2
175,0,0,0,0,0,1,32,20,0,0,0,0,0,0,1,0,1,0,0,2,0,0,0,0,0,1,1,0,1,0,0,0,0,4,0,0,0,1,0,0,0,1,0,1,1,1,0,0,0,0,0,0,0,0,1,0,0,0,1,0,1,0,0,0,1,0,7,0,1,0,0,0,11,0,3,0,0,0,2,0,0,0,4,0,0,0,1,0,0,0,0,0,2,0,0,0,0,0,0,0,0,0,19,0,0,0,1,7,2,0,0,1,0,0,0,0,0,0,0,0,0,1,2,0,0,0,0,0,20,0,0,1,0,0,0,0,0,0,0,1,0,19,0,0,0,1,0,0,0,0,0,0,0,0,1,0,0,0,2,3,0,1,0,5,0,2,0,0,0,0,0,0,3,27,0,0,0,1,0,0,0,0,0,0,0,0,0,0,0,1,2,0,0,0,0,2,0,0,0,2,2
176,0,0,0,0,0,1,0,0,0,0,0,0,0,0,0,0,0,0,0,0,0,0,0,0,0,0,0,0,0,0,0,0,0,0,0,0,0,2,0,0,0,0,1,2,0,0,0,0,0,0,0,2,0,0,0,0,0,1,0,1,0,0,2,0,0,0,0,2,0,0,0,0,0,0,0,0,0,0,0,0,0,1,0,0,0,0,0,0,0,0,0,0,3,0,0,0,1,0,0,0,0,0,0,0,0,0,0,7,0,0,0,0,0,0,0,0,0,0,1,0,0,0,0,0,0,0,0,0,1,0,0,0,0,0,0,0,0,0,0,0,0,0,0,0,0,0,0,0,0,0,0,0,0,0,0,0,1,0,0,28,0,0,0,0,0,0,1,0,0,0,0,0,0,2,0,1,0,1,0,0,0,0,0,0,1,0,0,0,0,1,1,0,0,0,0,0,0,0,0,0,2
177,0,0,0,0,1,1,0,0,0,0,0,1,1,0,0,1,0,0,0,1,0,0,1,0,0,2,0,0,0,0,1,1,0,2,1,1,0,2,0,1,0,0,0,0,0,1,0,0,0,0,0,0,1,0,0,2,1,0,1,0,1,0,0,1,2,0,0,0,1,0,0,0,0,1,0,0,0,0,0,0,0,0,0,2,0,0,0,0,0,0,0,0,0,0,0,0,2,0,0,1,0,0,0,1,0,0,0,0,0,0,0,1,0,0,0,0,0,0,1,0,1,1,1,0,1,1,0,0,0,0,0,3,1,0,1,0,0,0,0,0,0,0,1,0,0,0,0,1,1,0,0,0,0,1,1,1,2,0,0,2,0,0,0,3,0,0,1,0,0,0,0,0,0,0,0,0,0,1,0,0,0,0,0,0,0,0,1,1,0,1,1,0,0,0,4,0,0,0,0,0,2
178,0,0,0,0,0,2,1,0,0,0,0,0,3,0,0,2,0,6,0,0,0,0,16,0,0,0,0,0,0,0,0,0,0,0,0,0,0,1,1,0,0,0,0,0,0,0,0,0,0,0,0,0,1,2,1,0,0,0,0,0,0,5,0,0,0,0,0,19,0,0,0,0,0,1,0,0,1,0,0,0,0,1,0,0,0,8,0,0,0,5,0,0,0,8,0,0,0,0,0,0,0,0,0,0,0,2,5,0,2,0,0,1,1,0,3,0,0,0,0,0,0,0,0,0,0,0,0,0,0,0,0,0,0,0,11,0,0,0,0,0,0,0,0,0,0,1,0,0,0,0,0,0,0,0,0,0,1,0,0,19,0,0,0,0,0,0,8,0,0,1,1,0,0,0,0,0,0,0,0,0,0,0,0,0,0,0,2,0,0,1,1,8,0,1,0,0,0,0,2,0,2
179,0,0,0,0,0,1,0,0,0,0,1,0,0,1,0,0,1,0,0,1,0,0,1,0,0,0,0,0,0,0,0,0,0,2,0,1,0,2,0,0,0,0,1,0,0,2,0,0,0,0,0,0,0,0,1,0,0,0,2,0,0,0,0,0,2,0,0,1,0,0,0,0,0,0,0,0,0,0,0,0,0,1,0,2,0,0,0,0,0,0,0,0,9,0,0,0,0,0,0,0,1,0,0,0,0,0,0,0,0,0,0,0,0,0,0,0,0,0,1,0,0,0,0,0,0,0,0,9,0,0,0,0,0,0,0,0,1,0,0,0,0,0,0,0,0,0,0,1,1,0,0,0,0,0,0,0,0,0,0,0,0,0,0,1,0,0,0,0,0,0,0,0,0,0,0,0,0,0,0,0,0,0,0,0,0,0,0,0,0,1,0,0,0,0,0,0,1,0,0,0,2
180,1,0,0,0,0,0,0,0,0,0,0,0,7,1,0,2,1,0,0,0,0,1,2,0,1,0,0,0,0,1,0,0,0,2,0,0,0,0,0,1,0,1,0,0,1,0,0,0,0,0,1,9,2,0,0,0,1,1,1,0,1,2,2,0,1,0,0,7,0,0,0,0,0,4,1,0,0,0,0,0,0,0,0,2,0,4,1,0,3,12,0,0,0,1,0,1,0,0,0,1,0,0,0,0,2,0,0,0,0,0,1,0,0,0,0,0,1,0,1,0,7,0,0,0,6,0,0,0,0,2,2,0,5,0,6,1,0,1,1,0,7,0,0,0,0,0,0,1,1,1,0,0,1,0,1,0,1,2,0,0,0,0,0,0,1,0,7,1,2,1,0,2,1,0,0,1,0,1,1,0,1,0,1,0,1,1,4,1,1,0,1,9,0,3,0,0,0,0,1,0,3
181,2,1,0,0,0,0,1,3,1,1,2,2,2,0,1,3,0,0,0,0,0,1,7,0,0,1,0,0,0,2,0,2,3,1,0,2,2,1,0,0,1,1,1,0,2,1,0,0,1,3,1,3,1,1,0,2,0,1,1,0,1,2,0,0,0,0,0,5,0,1,0,0,0,3,1,0,1,3,1,1,0,1,0,0,0,3,1,0,2,2,0,1,1,1,0,1,0,0,1,0,0,0,0,0,2,3,0,0,0,0,1,2,0,6,1,1,0,2,7,1,2,0,1,1,1,1,3,0,0,0,0,0,0,0,1,0,0,1,0,0,1,3,2,0,0,5,1,2,0,1,0,2,3,2,0,2,0,1,1,0,2,0,0,0,0,1,1,4,3,0,2,2,2,1,1,1,1,3,3,0,0,0,2,1,4,1,3,3,2,0,7,1,1,1,3,0,1,1,0,0,3
182,3,1,0,1,1,2,0,2,2,3,6,2,1,2,0,8,1,1,2,0,3,2,0,0,0,6,0,0,0,2,2,1,0,0,0,3,1,0,1,3,1,0,0,1,1,0,0,1,1,0,0,0,1,2,0,1,3,1,0,0,2,0,1,2,0,1,1,0,1,4,1,2,0,2,1,0,1,1,2,3,2,0,1,1,3,1,0,1,1,1,0,1,4,2,0,1,1,1,1,1,0,0,1,5,1,0,1,0,0,3,1,2,1,2,0,0,1,0,2,1,1,4,0,0,0,1,3,0,0,0,2,0,2,0,1,1,2,1,0,0,1,0,1,1,1,4,0,1,0,2,2,2,0,1,1,2,2,1,1,0,0,1,0,0,4,1,0,2,0,1,4,0,1,1,2,5,0,1,1,1,3,1,1,3,2,0,3,2,1,1,0,4,3,2,0,1,0,0,0,2,3
183,1,0,0,0,0,1,0,1,4,0,0,0,3,0,8,1,0,0,0,0,0,0,7,0,1,0,1,0,0,1,0,2,1,0,0,1,1,0,2,0,0,0,0,1,1,0,0,1,0,0,0,0,2,0,0,0,1,2,0,3,0,0,0,0,0,2,0,0,1,0,0,0,0,1,2,0,0,1,1,1,0,0,0,0,0,4,0,0,0,5,0,0,1,2,0,0,0,0,0,0,0,1,0,0,0,1,1,1,1,0,0,0,0,0,0,0,0,0,1,0,0,0,0,0,6,0,0,1,4,2,1,0,4,0,4,1,0,2,1,0,2,1,0,0,0,1,0,1,0,0,0,1,2,1,0,1,0,0,0,0,0,0,0,0,1,0,1,0,0,0,0,2,0,0,0,0,0,0,0,0,4,1,1,2,0,0,2,0,0,1,0,4,0,1,0,1,0,0,0,0,3
184,2,1,1,1,0,2,3,6,0,0,4,3,1,0,0,5,2,4,1,2,1,0,1,0,4,1,2,2,1,4,0,0,2,1,8,0,2,11,1,2,0,1,5,0,0,0,0,2,6,1,2,1,1,4,5,2,1,2,0,2,4,0,0,4,3,1,3,3,2,0,2,4,1,3,2,1,1,2,1,4,3,2,3,3,0,2,1,0,5,0,3,2,0,1,0,0,0,2,0,2,0,1,0,1,3,2,6,0,4,1,1,2,1,1,3,1,3,0,3,0,5,2,3,1,4,2,2,1,1,4,1,0,1,0,0,6,2,0,1,1,2,8,5,0,0,1,2,0,0,5,0,0,7,2,0,0,5,0,1,0,0,0,0,1,2,0,4,3,2,0,2,1,4,4,0,1,0,2,2,0,1,0,1,1,0,3,0,2,2,2,12,2,27,0,12,1,0,0,0,1,3
185,1,3,0,0,2,3,0,6,1,2,1,1,2,1,0,6,0,1,2,2,0,0,2,0,1,3,1,0,2,3,1,2,5,0,7,5,3,0,0,5,2,1,0,1,0,0,0,1,3,3,2,0,0,2,0,3,0,2,0,2,4,0,0,6,0,0,0,2,0,3,1,5,0,2,1,4,0,3,1,4,0,2,0,1,0,1,0,2,2,4,4,0,0,1,0,2,0,2,2,2,0,0,0,1,3,0,1,0,0,4,0,1,2,2,1,0,2,2,0,3,1,0,4,0,0,0,10,1,0,1,2,0,5,0,3,0,0,1,0,0,3,2,3,0,0,0,0,6,1,0,1,4,1,0,1,6,3,0,1,0,8,3,0,0,6,0,2,1,2,0,1,3,1,0,2,0,4,4,4,1,5,1,3,1,2,0,2,6,2,0,7,2,1,3,0,4,3,1,1,2,3
186,1,3,0,0,0,0,2,3,4,5,0,2,3,0,0,4,2,2,0,0,0,2,2,1,0,0,2,1,0,5,3,2,2,0,3,2,1,2,1,0,0,0,4,0,2,0,1,0,5,3,1,5,2,2,0,0,6,0,3,1,4,1,0,2,2,0,1,3,3,2,4,1,0,3,1,0,0,1,0,5,0,0,0,0,1,1,1,1,3,4,3,1,4,1,0,1,0,1,1,3,0,1,1,1,0,0,1,0,0,0,0,0,1,2,1,0,1,4,5,1,5,0,0,0,4,1,3,3,1,5,1,0,4,1,4,1,0,1,3,1,2,2,2,1,0,2,0,4,0,1,1,2,0,1,1,3,0,0,1,0,1,0,2,1,5,1,1,0,4,1,0,3,1,1,4,0,0,5,1,2,1,0,0,1,2,1,4,2,2,0,9,5,0,2,2,0,2,0,2,0,3
187,0,1,1,0,2,2,0,0,1,2,0,1,0,1,0,0,1,0,1,1,1,2,0,1,0,2,0,2,1,0,1,0,3,1,2,1,1,1,1,0,1,0,3,0,1,0,0,0,1,0,0,1,2,1,1,1,1,1,0,1,1,1,0,0,1,0,0,5,2,0,1,1,0,1,0,1,0,1,2,0,2,2,1,1,2,1,1,1,1,1,0,0,4,0,2,2,0,1,2,2,0,1,0,0,2,0,0,0,1,0,0,2,0,2,1,0,4,1,5,1,4,0,1,1,2,0,1,2,0,5,0,0,2,0,2,0,1,0,1,1,4,0,0,0,0,3,2,2,1,0,2,0,1,0,2,2,2,1,3,1,1,2,1,0,1,3,3,1,1,1,3,3,4,0,0,1,0,1,3,1,1,0,3,1,0,1,1,4,0,2,1,1,1,1,1,3,0,1,1,1,3
188,2,3,0,0,0,4,0,10,0,0,0,1,0,2,4,1,2,3,3,4,0,1,2,2,1,0,1,7,1,3,1,1,0,0,6,1,0,4,0,5,1,0,1,0,3,4,0,6,2,2,2,4,1,9,8,0,0,4,0,4,4,0,0,4,1,0,4,0,0,2,1,2,0,0,1,1,2,0,1,2,0,2,3,1,5,2,5,0,0,4,9,2,5,0,0,0,1,0,1,3,1,18,1,0,5,0,1,1,3,4,0,4,1,2,4,2,1,2,2,3,4,0,6,0,2,1,2,2,2,5,2,0,2,0,0,5,0,2,0,0,3,8,3,0,6,2,3,1,3,6,4,2,3,1,0,0,4,0,6,1,1,3,0,0,3,0,5,0,2,1,4,4,2,3,0,0,3,5,3,1,1,1,2,0,1,2,0,1,8,1,2,2,0,3,2,5,0,2,2,2,3
189,0,0,0,0,0,0,0,1,5,1,0,3,1,0,0,4,0,0,0,0,2,0,1,0,0,0,0,0,0,3,1,2,1,0,4,0,1,0,0,2,0,0,0,0,0,1,0,0,0,0,0,3,0,0,0,1,1,0,0,0,1,0,0,0,0,5,0,5,0,0,0,0,0,0,2,0,0,1,1,0,0,0,0,1,0,1,0,3,0,7,0,0,3,1,0,1,0,0,1,0,0,0,0,0,0,0,0,0,0,1,0,0,0,1,0,0,3,0,3,1,2,0,0,0,4,1,0,5,0,1,0,0,1,0,2,0,1,0,1,1,1,0,0,0,0,0,0,5,0,0,0,0,0,1,0,1,0,1,0,0,1,0,1,0,0,1,0,0,0,0,2,0,0,1,0,0,0,0,3,1,2,0,0,4,2,2,3,1,2,0,0,3,0,2,0,1,0,0,4,0,3
190,1,0,1,0,2,0,1,0,5,5,0,4,1,2,0,5,0,0,0,2,3,0,0,1,0,1,1,0,1,3,1,1,1,0,1,5,5,0,0,2,0,0,4,0,1,2,0,2,0,0,0,5,1,1,1,0,2,1,0,6,0,0,1,4,0,0,1,2,0,1,2,4,0,5,2,1,0,1,3,1,0,0,0,0,2,2,1,1,0,5,1,0,2,1,2,0,0,0,2,1,0,0,1,0,1,0,1,0,0,1,1,0,0,3,1,1,1,0,4,3,5,2,2,0,0,1,0,0,1,5,2,0,0,2,3,1,0,0,0,0,4,1,2,1,0,4,2,2,0,1,2,1,3,2,0,3,6,2,1,0,2,1,0,0,4,0,0,1,1,0,3,2,1,4,0,0,1,1,1,2,4,0,0,1,1,0,1,3,3,1,2,3,1,1,1,2,1,1,0,1,3
191,4,1,3,0,0,1,0,0,0,0,0,2,0,1,0,0,0,1,0,1,1,0,5,0,0,0,0,0,3,4,0,0,0,2,0,0,0,0,4,3,2,0,5,0,0,1,1,0,0,0,1,3,1,0,0,2,0,1,1,0,3,1,0,3,2,0,1,9,3,1,1,1,1,1,1,1,2,1,0,0,0,4,0,2,0,0,0,0,2,1,0,0,2,3,1,6,0,2,0,0,0,1,1,0,0,1,1,1,0,0,0,1,0,1,2,1,1,1,6,0,5,2,1,0,2,1,0,0,0,4,2,2,0,0,2,0,0,2,0,1,0,1,0,0,0,2,0,0,0,0,2,0,0,0,0,0,1,1,2,7,0,3,0,0,1,0,0,1,1,1,1,6,1,0,0,0,1,1,2,0,0,0,2,0,1,0,0,2,0,2,3,2,0,2,2,0,2,0,0,0,3
192,3,0,4,4,0,3,0,2,0,0,0,1,0,0,3,0,2,4,1,4,2,4,1,0,3,0,0,1,2,0,0,0,0,1,1,0,2,1,6,0,0,0,3,1,1,2,2,0,1,0,4,1,1,3,0,4,1,0,1,3,0,0,0,1,1,0,1,3,0,3,1,0,0,0,0,1,1,2,2,0,3,9,0,0,1,2,0,2,4,1,2,2,2,5,1,1,1,1,1,1,1,1,0,2,1,3,4,5,2,0,1,5,1,3,2,2,1,1,2,0,1,2,4,0,6,1,1,1,0,1,3,5,0,0,0,0,0,2,3,1,2,0,1,1,0,1,2,0,1,4,2,0,1,4,0,0,1,0,6,8,0,7,0,0,0,1,1,1,2,2,1,1,5,0,0,0,1,4,2,0,1,2,3,0,0,1,1,1,2,3,11,6,0,1,0,1,0,1,0,0,3
193,0,3,3,1,1,4,2,4,3,1,3,3,2,1,2,4,1,3,0,2,0,4,2,3,1,0,0,1,3,0,4,2,3,2,1,1,1,6,5,1,1,0,6,0,1,2,1,0,11,3,0,1,3,2,1,3,6,2,3,1,5,1,1,5,3,1,2,3,5,1,4,3,0,2,5,3,0,2,1,4,0,2,0,1,5,4,1,2,11,4,0,1,2,1,3,2,1,0,1,0,0,2,0,3,6,0,0,0,1,0,2,0,2,1,2,2,3,2,1,3,2,1,5,1,4,1,7,2,0,4,0,3,5,4,4,0,1,2,1,0,1,2,5,0,1,5,0,2,0,2,0,2,1,4,1,3,4,2,1,0,4,3,0,0,1,2,2,3,5,5,4,10,2,1,1,8,0,1,2,1,1,2,2,1,1,2,4,3,1,6,10,3,0,5,11,2,0,0,1,0,3
194,4,2,2,0,1,5,2,5,2,1,1,2,2,2,0,5,1,7,4,4,2,0,2,3,0,1,2,3,4,4,1,3,3,0,4,1,0,0,2,10,2,0,1,0,1,3,1,1,3,4,5,0,3,1,1,0,2,1,1,7,2,2,0,1,0,0,1,5,0,3,4,2,0,3,1,1,5,1,0,4,2,2,2,0,7,6,0,1,3,4,0,0,0,2,0,0,0,2,1,5,2,1,0,0,3,1,3,0,4,1,0,1,3,3,4,1,1,4,1,2,4,2,0,0,0,0,3,0,3,1,1,1,3,0,6,5,0,0,1,0,6,1,1,1,2,3,0,3,1,6,5,3,1,3,0,1,4,3,3,0,4,3,0,0,6,0,1,0,0,0,4,0,3,2,1,1,3,1,4,1,2,1,4,0,2,4,1,7,1,3,5,6,0,2,1,2,1,2,0,3,3
195,0,2,0,0,0,2,0,0,6,2,0,2,1,1,0,0,0,0,1,0,1,0,5,4,2,0,1,7,0,2,4,3,1,0,6,5,2,0,0,0,1,0,0,0,3,0,0,1,0,2,3,0,4,0,0,0,3,1,0,0,0,2,0,1,0,0,0,9,1,0,0,0,0,2,0,0,1,0,1,0,0,0,0,0,1,1,0,0,1,1,7,1,1,3,2,0,0,0,1,7,1,0,0,0,2,1,0,0,0,1,0,0,0,2,0,1,0,5,8,0,0,0,1,0,0,0,2,3,0,3,1,1,0,3,7,2,1,0,1,0,1,1,0,1,1,1,4,0,1,2,3,3,0,2,0,0,0,1,0,0,0,1,0,2,0,0,9,0,0,0,0,0,0,0,1,3,1,8,0,0,0,0,2,3,0,0,15,4,2,0,5,4,0,2,0,0,2,0,0,1,3
196,3,0,4,0,0,0,2,0,2,0,3,2,1,1,4,4,0,1,0,1,1,0,0,1,2,2,0,0,1,2,0,1,0,0,1,1,0,0,0,1,1,0,1,0,0,1,0,0,0,1,2,3,4,2,3,1,0,2,0,2,1,3,1,2,0,4,3,0,0,2,0,1,0,3,1,1,2,3,0,0,0,4,0,0,1,0,1,1,0,6,0,0,2,4,1,0,0,1,1,1,1,0,0,1,2,0,0,1,1,1,0,0,2,1,0,1,1,1,1,0,2,0,2,3,1,0,3,0,0,0,0,1,1,0,2,2,5,0,2,0,1,1,2,0,1,3,1,1,0,0,1,0,0,0,0,1,0,0,1,0,1,1,0,0,2,0,2,1,0,2,2,0,3,0,1,5,3,1,9,0,4,0,0,0,0,2,0,3,3,1,1,2,4,1,2,0,0,1,0,0,3
197,2,2,0,0,0,1,0,0,2,0,0,1,1,3,1,1,0,0,0,1,0,0,0,2,1,0,0,0,1,4,0,0,0,0,2,2,1,0,1,2,0,0,6,1,0,0,0,0,2,0,0,1,4,0,0,0,5,0,0,3,3,0,1,5,0,0,0,2,0,2,3,1,0,5,0,2,0,4,0,0,0,2,0,0,0,1,0,2,2,7,0,0,1,1,1,7,8,1,0,2,1,0,0,0,2,1,1,0,0,0,0,0,0,3,3,4,6,1,0,0,2,3,0,2,2,0,3,0,0,0,0,0,2,0,1,1,3,0,0,1,3,0,0,0,0,1,8,3,2,1,4,0,1,2,0,2,0,4,0,0,0,0,0,0,4,0,0,2,2,3,2,0,2,0,0,1,3,0,2,0,1,0,0,2,2,1,0,2,0,0,0,1,13,1,0,3,3,1,0,1,3
198,2,2,1,3,0,3,0,3,1,0,1,3,1,2,0,1,0,1,1,1,3,1,1,1,0,3,0,0,0,0,1,1,0,0,3,2,0,0,0,2,1,0,1,0,3,0,0,2,1,2,2,3,1,0,2,0,1,2,1,1,6,0,0,3,0,0,2,4,1,1,0,1,0,3,5,0,3,2,0,1,0,0,0,0,2,4,2,1,2,4,2,1,1,3,2,0,0,0,1,2,1,2,0,0,0,0,1,0,1,0,0,2,0,1,2,0,0,0,2,1,1,3,0,0,2,1,0,1,1,5,0,2,2,0,3,1,1,1,5,0,2,0,8,1,1,1,1,1,0,0,0,2,1,0,0,2,3,0,1,0,0,1,0,2,0,0,3,0,3,0,2,2,3,0,1,0,1,1,0,1,3,1,4,0,0,1,0,4,2,1,2,4,1,6,1,1,2,0,0,0,3
199,2,2,3,0,1,0,0,1,4,1,0,2,3,1,1,6,0,0,2,1,1,0,2,2,0,0,0,0,2,3,1,2,1,0,2,1,3,0,0,2,0,0,1,0,0,0,0,0,1,1,0,4,1,0,1,1,3,1,0,0,3,0,0,0,0,0,0,9,1,1,0,0,0,8,4,0,1,2,0,1,0,1,1,0,1,5,0,1,3,4,1,1,0,4,0,1,0,1,1,0,3,0,0,0,0,0,0,0,0,1,0,1,2,4,3,1,0,1,4,1,3,1,0,0,2,2,1,1,0,1,1,0,2,0,3,1,0,0,0,0,3,0,2,0,0,5,1,4,1,0,1,0,1,0,1,4,2,1,1,0,0,2,0,0,5,1,1,3,2,0,3,0,6,0,0,1,0,0,2,0,3,0,2,1,5,1,3,2,0,2,4,3,0,1,1,1,1,0,3,1,3
200,0,3,0,0,1,4,0,3,7,5,0,3,7,0,0,4,0,2,1,2,0,0,3,0,0,0,1,3,0,4,2,2,3,0,4,6,4,0,1,4,4,0,3,0,1,2,0,1,1,5,2,4,1,1,2,0,2,1,0,1,0,0,1,0,0,0,1,3,0,2,0,1,0,4,2,4,0,1,0,1,0,1,0,0,4,8,1,1,0,4,5,2,0,2,0,0,0,0,0,0,1,1,0,0,1,0,0,0,2,7,0,1,0,1,4,0,0,0,3,0,4,0,4,0,2,0,0,1,2,1,0,1,0,1,1,0,0,0,0,0,4,1,4,1,0,4,3,2,0,1,0,2,1,0,0,6,1,3,2,0,6,2,0,1,2,1,1,2,2,0,5,1,1,0,4,1,3,0,1,2,5,4,2,0,1,7,4,6,2,0,1,4,0,2,1,3,1,1,4,5,3
201,2,1,1,0,0,1,0,0,3,1,0,4,1,0,1,2,0,1,1,0,7,0,1,1,1,2,0,0,1,7,0,0,2,2,1,2,1,0,1,5,1,0,1,0,0,2,1,3,0,4,0,5,0,1,2,1,0,0,0,0,1,0,0,0,1,0,0,2,0,2,1,2,0,5,1,2,0,1,0,4,0,0,0,0,0,1,0,1,0,6,0,0,1,1,0,0,3,1,0,1,0,1,0,0,1,2,1,1,2,1,0,4,2,1,0,1,1,1,2,1,9,2,1,0,3,0,2,0,1,2,0,0,2,0,0,2,1,1,4,0,1,0,0,0,2,2,1,0,2,2,1,0,0,0,0,0,8,8,1,1,1,1,0,0,2,0,0,2,0,1,2,0,0,0,2,1,1,1,0,2,4,0,1,1,2,1,1,3,2,6,1,0,0,1,2,0,1,1,1,0,3
202,0,2,4,0,0,1,1,2,6,1,8,3,4,3,0,3,2,0,1,0,2,2,4,1,5,3,1,0,1,1,0,2,2,0,0,0,2,0,1,1,0,1,1,0,1,0,2,4,4,1,0,3,3,0,0,0,3,3,2,2,1,2,4,3,1,3,0,4,0,1,0,2,0,8,1,0,0,2,1,0,1,1,0,0,0,2,2,2,3,8,0,1,1,4,0,2,4,2,1,0,2,0,0,4,2,0,1,0,0,0,1,2,0,2,1,2,2,0,6,0,1,0,0,0,2,0,4,1,0,3,2,2,2,1,4,0,3,0,2,0,3,0,0,0,2,0,2,0,0,0,0,1,0,0,1,2,0,3,1,0,2,0,2,0,1,1,4,3,3,0,0,1,1,2,4,11,0,0,2,0,1,0,1,2,0,2,5,1,2,1,7,3,0,2,0,2,1,0,0,1,3
203,0,0,2,0,0,1,0,1,0,1,2,0,0,3,0,2,0,1,0,2,4,9,0,2,0,1,0,0,5,0,1,0,2,1,0,0,1,0,0,0,0,1,2,2,1,0,1,0,3,1,0,2,3,0,0,2,0,0,0,3,1,0,0,0,0,0,0,1,1,1,0,0,1,2,0,1,2,0,0,0,0,2,0,0,0,0,2,0,6,1,0,1,5,2,0,1,1,0,3,0,0,0,0,1,0,0,1,3,0,1,1,0,0,3,0,3,2,0,3,0,4,0,1,3,2,0,1,5,0,3,0,1,0,1,0,0,5,0,3,0,0,0,0,0,3,2,1,0,3,3,0,0,1,0,0,2,3,0,0,3,5,1,0,0,1,0,0,2,0,1,4,1,0,0,0,0,0,0,0,0,1,4,0,0,1,1,1,1,0,2,4,0,0,1,2,1,1,2,0,1,3
204,0,3,0,0,0,1,0,1,2,1,0,4,1,6,0,5,0,2,0,0,3,1,0,1,1,0,0,2,2,4,1,2,6,0,1,1,3,0,1,2,0,0,2,0,0,2,0,2,0,5,1,3,1,3,2,1,1,5,1,4,2,1,0,2,0,0,1,0,0,2,0,2,0,6,3,3,4,4,1,1,0,2,1,0,5,3,1,2,1,3,1,0,2,2,3,1,0,0,1,0,2,0,2,0,1,0,0,0,2,0,0,1,0,8,2,3,3,2,3,0,1,1,0,0,2,0,2,1,0,1,4,0,3,0,1,0,0,1,3,0,2,1,2,2,1,3,2,2,4,1,1,4,4,2,0,4,2,1,3,0,1,1,0,0,2,1,3,4,4,0,5,1,1,1,0,0,1,4,3,0,1,0,2,2,1,2,3,2,0,3,3,1,0,3,2,2,2,1,3,2,3
205,1,1,2,0,2,5,1,2,2,1,0,7,0,2,0,2,1,1,0,1,2,0,0,1,0,0,0,0,0,8,1,1,3,0,5,1,1,0,1,6,1,0,0,2,0,1,0,1,2,1,1,4,3,3,1,0,1,1,0,2,0,2,1,0,0,0,0,10,1,2,3,2,0,7,2,0,2,1,1,2,0,1,1,0,2,1,0,1,2,7,0,1,1,1,2,0,0,2,0,2,1,3,0,0,1,0,3,0,2,0,0,3,1,1,1,1,1,0,3,1,13,3,2,0,4,1,2,0,0,4,1,1,3,2,2,0,0,1,2,0,3,2,3,2,1,3,2,2,0,0,2,0,0,1,0,1,8,5,1,0,1,0,3,0,1,0,0,1,3,0,4,1,2,2,5,0,1,0,5,2,2,3,0,0,1,1,0,3,1,0,0,3,0,1,1,2,3,1,1,0,3
206,3,0,0,0,2,2,1,4,1,2,1,3,0,2,0,4,0,0,0,0,3,0,2,3,1,2,0,0,1,6,1,0,0,0,3,6,2,0,0,2,1,0,2,0,0,3,0,2,2,4,0,3,5,3,2,0,0,1,0,3,3,1,3,1,1,1,0,8,0,3,2,0,0,3,2,1,1,4,0,0,5,1,0,0,5,4,1,2,0,6,0,3,4,3,4,0,0,2,1,1,1,0,0,2,3,1,0,0,2,1,0,1,0,6,2,1,1,0,4,2,3,1,2,0,6,2,3,0,2,2,1,1,0,2,5,0,3,1,3,0,5,3,3,0,2,1,0,6,2,2,1,1,0,3,0,9,4,0,2,0,1,1,0,0,2,0,3,0,0,1,2,3,4,2,0,1,1,7,3,0,1,1,5,0,3,1,1,2,1,0,0,2,2,3,4,2,4,0,6,1,3
207,0,0,2,0,0,0,0,1,5,1,3,3,2,1,0,2,1,0,2,1,1,4,2,1,4,0,1,1,1,0,1,0,0,3,0,1,1,0,0,2,0,1,1,0,0,1,0,0,2,0,0,8,0,0,0,3,4,0,0,1,2,0,1,1,5,0,1,11,1,1,1,0,0,0,0,1,0,0,0,0,0,1,2,5,0,2,3,0,3,4,2,1,1,8,0,0,2,0,0,0,0,0,0,5,3,0,0,1,0,0,1,1,2,3,0,2,1,1,5,0,5,0,0,0,6,0,1,2,0,4,1,1,0,0,1,0,2,0,0,1,0,3,0,0,0,2,1,0,1,1,0,1,1,0,6,0,2,0,2,0,0,1,0,3,0,0,1,0,1,0,3,2,0,0,0,5,0,0,0,1,0,0,0,0,0,0,3,1,0,0,8,1,0,3,1,0,0,0,2,0,3
208,1,2,2,0,1,0,2,5,1,0,0,3,0,0,4,3,1,1,1,1,0,0,0,1,0,0,1,7,1,4,1,1,2,1,4,2,0,2,1,4,1,1,1,1,0,3,0,3,1,3,2,1,4,4,6,0,1,1,0,1,2,0,0,1,1,0,3,1,1,0,1,1,0,1,2,2,2,5,1,1,1,0,1,2,1,4,1,3,0,3,3,0,0,0,0,0,0,0,0,4,0,2,0,0,3,0,0,1,2,4,0,0,0,5,1,0,0,0,3,1,2,0,1,0,3,0,1,0,0,1,3,0,3,0,2,4,0,0,2,0,2,3,4,0,0,4,0,3,0,2,3,4,1,0,1,2,2,2,1,0,2,2,0,0,9,0,2,0,1,1,7,2,6,1,0,0,0,4,2,0,1,0,5,0,0,5,0,7,1,1,1,3,0,2,10,0,0,1,0,1,3
209,3,2,2,2,0,0,3,1,3,2,1,0,1,0,2,1,0,2,0,1,4,1,1,1,2,0,0,3,0,1,0,3,3,1,2,0,0,4,0,3,0,0,1,0,0,0,1,0,2,3,0,2,0,1,0,2,0,0,0,2,3,0,0,0,0,0,1,3,0,1,1,1,0,2,0,1,2,1,2,1,1,3,1,0,1,4,0,0,4,2,1,1,0,1,3,0,0,2,0,0,0,0,0,0,2,0,1,0,2,2,2,0,0,2,0,2,0,1,7,0,6,2,2,0,3,1,1,0,0,2,1,0,2,1,2,0,0,1,0,0,3,3,0,0,1,1,0,0,0,2,0,1,3,2,2,1,3,2,1,3,1,3,0,0,1,0,0,0,1,1,2,1,3,0,0,2,1,2,1,2,3,0,4,0,1,1,0,2,0,2,1,1,0,2,6,3,0,1,0,0,3
210,0,0,1,1,1,0,0,0,1,3,0,1,10,1,0,0,1,0,0,0,1,1,2,0,0,0,0,2,0,2,2,0,1,1,1,4,1,1,1,0,1,1,2,0,0,0,1,1,6,2,0,8,2,2,1,2,1,1,0,0,1,0,0,0,1,1,0,5,0,0,0,0,0,2,0,0,0,0,0,3,0,2,0,2,0,3,0,1,1,5,0,0,3,1,0,3,3,1,1,1,2,0,0,3,0,1,1,0,2,0,2,0,0,1,0,0,1,1,3,0,10,0,0,0,6,0,4,4,0,4,1,3,4,3,0,0,2,1,2,0,3,0,0,0,3,1,5,1,2,0,1,1,0,1,4,1,2,0,0,5,4,0,0,1,3,2,3,0,3,0,0,2,1,0,2,1,1,0,2,1,0,1,2,0,2,0,4,1,1,1,9,7,0,1,3,0,0,0,0,0,3
211,0,3,3,0,1,0,0,2,1,2,0,1,2,3,0,7,1,1,1,1,1,3,2,4,2,0,0,1,0,2,3,2,1,0,4,1,4,2,0,1,0,0,0,0,0,0,0,3,5,0,0,11,3,3,0,2,5,2,0,0,2,3,0,1,0,2,0,2,0,1,0,1,1,2,0,0,0,0,0,1,1,3,0,0,4,5,2,0,4,7,1,0,1,4,0,1,2,1,4,0,0,0,2,2,1,0,1,1,0,0,0,0,1,0,0,2,4,0,12,1,8,0,0,0,4,0,0,0,0,6,1,0,5,0,5,0,3,1,2,0,3,0,0,0,0,0,1,1,3,1,0,2,0,0,2,2,2,2,0,0,4,1,1,0,1,0,0,3,1,1,1,5,0,0,2,2,1,0,5,1,2,0,0,1,4,0,3,2,1,4,5,5,0,6,3,1,0,1,0,0,3
212,5,2,2,1,0,4,1,1,1,2,0,0,0,1,6,1,0,1,0,4,3,2,4,0,1,2,0,0,0,4,0,1,0,0,1,1,1,3,2,0,3,0,0,1,0,3,2,0,4,1,1,1,2,1,1,3,2,0,0,3,1,1,0,4,0,0,1,1,2,2,2,1,0,2,6,4,2,3,4,0,2,6,0,0,1,4,0,2,3,4,0,2,0,4,0,3,0,1,0,2,1,1,1,1,3,5,2,0,2,0,2,0,0,0,2,2,0,0,2,3,2,1,3,2,4,2,1,0,1,2,2,0,2,1,4,4,1,3,0,1,2,1,3,0,5,0,2,3,3,0,0,0,2,2,0,2,3,3,0,0,3,1,1,0,5,0,3,1,1,1,3,0,4,2,1,0,1,5,1,2,2,2,1,2,1,2,1,2,0,3,1,3,0,2,0,3,2,2,1,0,3
213,1,0,3,0,0,1,3,1,2,0,1,2,1,2,1,7,5,0,1,0,0,3,1,0,2,2,0,0,1,2,0,0,0,4,2,0,1,3,0,3,2,3,1,0,4,0,0,1,2,4,0,6,0,2,1,2,3,1,4,0,3,4,0,0,1,0,2,15,0,0,1,0,0,7,0,0,0,0,1,0,0,1,0,3,0,3,3,0,1,12,0,0,3,2,1,0,2,1,1,0,1,0,0,4,0,0,2,1,0,1,0,0,0,3,2,0,0,0,4,0,7,0,0,0,2,4,4,1,0,5,0,0,0,0,1,3,0,1,0,1,4,1,3,2,1,4,2,1,2,1,1,1,1,1,2,2,0,3,0,2,1,1,0,3,0,3,5,5,2,1,2,2,0,0,0,2,0,1,0,0,1,0,1,0,2,2,1,4,1,2,7,3,6,0,1,1,1,2,0,0,3
214,0,4,4,0,1,2,1,2,3,0,7,0,4,1,0,0,0,0,0,1,0,5,1,2,2,3,1,2,1,1,1,1,6,0,2,1,1,3,1,2,0,0,1,0,1,0,0,2,1,4,0,2,2,1,0,0,2,4,0,0,3,2,1,0,0,1,0,1,1,2,4,2,0,5,0,1,0,1,2,1,0,1,1,1,2,2,0,0,0,4,0,0,0,4,1,1,3,0,0,0,0,0,0,3,2,0,0,0,3,1,0,1,0,4,1,2,0,0,1,1,3,3,3,0,0,1,4,1,0,0,0,0,1,1,7,2,3,0,4,0,3,0,3,0,1,1,1,2,1,1,1,4,0,0,0,4,0,1,1,1,6,0,0,1,0,1,3,1,1,1,1,2,4,4,1,5,1,1,1,0,0,0,2,2,0,2,0,0,0,0,5,5,0,1,2,1,0,1,0,2,3
215,1,0,0,0,1,2,0,2,1,2,0,3,2,0,1,1,0,1,1,4,3,0,0,1,3,0,0,2,0,3,0,2,0,1,2,1,0,0,1,5,0,1,1,1,0,1,0,1,1,2,0,5,1,0,0,0,0,0,0,1,0,0,0,0,0,0,0,5,0,0,1,1,0,1,2,0,0,0,0,1,1,3,0,0,1,0,0,1,1,2,0,0,0,2,0,0,0,0,1,1,0,0,0,1,4,1,0,0,0,0,0,1,0,1,0,0,0,0,4,0,2,1,0,0,1,0,3,0,0,1,2,0,1,1,3,2,3,0,1,0,2,0,1,0,0,0,1,0,0,0,1,0,1,1,0,2,1,4,0,0,1,4,1,0,0,0,1,0,2,0,7,0,1,0,1,0,1,0,2,1,5,3,1,0,1,2,1,2,1,1,0,2,33,0,1,1,0,1,0,1,3
216,1,2,1,0,2,1,0,0,4,1,7,1,2,2,0,4,1,1,0,0,2,5,3,0,4,6,0,0,2,2,0,3,0,1,2,0,4,0,1,1,0,0,1,0,0,0,1,0,0,0,0,7,3,0,0,1,0,0,0,1,1,0,0,2,0,2,0,0,0,2,1,1,0,3,0,1,0,1,0,0,0,3,0,0,1,2,0,0,1,6,1,1,0,0,0,1,4,0,1,0,0,0,0,4,1,0,1,0,0,0,0,2,0,0,0,2,3,1,0,0,3,3,1,1,1,0,0,1,0,1,0,0,1,1,1,3,3,1,0,0,2,0,1,0,0,0,3,2,0,1,0,0,0,0,0,1,2,2,0,1,0,1,0,0,4,0,0,0,2,0,1,1,1,0,1,10,0,0,2,0,1,2,1,0,2,1,0,2,0,1,4,6,7,2,0,0,1,2,0,1,3
217,1,3,2,1,0,2,0,3,1,1,0,3,2,1,1,1,0,1,1,2,5,2,1,2,3,1,0,1,2,5,0,3,4,1,2,3,0,1,4,3,0,1,3,1,1,2,1,2,3,1,0,4,0,4,0,2,0,2,0,3,5,1,0,3,0,0,0,4,1,0,4,1,0,1,2,2,0,3,1,1,3,2,1,0,2,1,0,2,2,1,1,4,1,3,3,1,0,0,1,1,2,1,8,0,8,1,0,1,4,0,0,3,0,1,1,2,1,1,4,1,3,0,2,0,3,2,3,2,1,4,2,0,3,2,1,3,0,1,3,0,2,1,2,0,1,0,1,3,0,2,2,2,0,1,0,0,3,1,4,0,2,5,0,0,2,0,2,1,2,0,1,1,4,2,0,0,1,1,2,4,3,0,2,0,1,4,1,1,3,2,1,1,0,2,2,1,0,0,0,1,3
218,0,0,0,0,2,0,0,0,3,0,0,0,4,0,0,3,0,0,0,0,2,0,2,0,0,1,0,0,0,1,0,1,0,0,0,1,3,0,0,0,1,0,0,0,4,0,0,0,1,0,0,2,0,0,0,0,0,0,1,0,0,0,0,1,1,4,0,1,1,0,0,0,0,5,1,0,0,0,0,0,0,0,0,1,0,2,4,2,0,6,0,0,2,0,1,1,0,0,0,0,0,0,0,0,0,0,1,0,0,0,0,0,0,0,1,0,0,0,0,0,1,0,0,0,2,0,0,0,0,1,0,0,2,0,1,0,0,5,0,0,2,0,0,1,1,1,0,2,0,0,0,0,0,0,1,2,0,1,0,0,0,1,1,0,6,0,1,1,0,0,0,0,0,0,0,0,0,0,1,0,0,0,0,1,2,0,3,0,0,0,1,5,0,1,0,0,1,0,1,0,3
219,2,2,2,0,0,0,0,2,1,0,2,3,3,0,0,2,1,1,0,0,1,1,4,1,0,0,0,2,2,2,3,2,2,0,6,4,1,0,0,5,0,0,2,1,3,2,0,1,0,2,1,2,5,0,2,0,3,1,0,0,4,0,0,3,0,0,0,5,0,2,0,3,0,6,2,0,3,1,1,2,0,2,0,0,3,3,1,1,2,8,2,2,1,3,0,0,0,0,2,1,0,0,0,0,4,0,1,0,3,2,0,2,1,3,3,1,2,0,0,1,4,4,0,0,0,1,5,0,2,1,3,0,5,3,2,3,0,0,0,0,5,0,1,2,1,2,1,7,1,2,2,2,1,3,1,7,1,3,0,0,5,3,2,0,3,0,0,1,1,0,0,1,3,1,1,0,2,2,3,0,4,1,2,0,1,3,4,1,1,2,4,4,0,2,0,3,3,0,4,2,3
220,2,0,2,0,1,0,1,0,4,5,3,3,0,2,3,2,0,0,1,1,0,2,2,1,4,2,0,0,1,2,4,1,0,0,0,7,0,1,1,3,1,0,2,0,0,3,0,1,1,5,2,4,0,1,1,0,2,1,1,1,2,0,0,2,1,1,1,4,3,0,2,4,0,2,1,0,0,1,1,1,4,1,0,1,2,3,0,0,3,4,0,2,0,2,0,1,0,0,0,2,0,1,0,1,1,0,0,1,2,1,1,1,1,2,1,2,1,2,5,2,6,3,2,1,1,1,2,0,0,0,0,0,0,0,0,2,1,2,1,0,0,0,3,0,0,0,1,2,0,3,3,0,1,0,0,4,0,2,1,1,5,0,0,0,0,0,5,1,1,0,1,2,0,0,0,1,2,0,0,0,0,2,1,2,1,0,2,2,1,1,7,3,0,2,1,1,3,1,0,1,3
221,0,2,1,0,2,3,1,0,3,4,0,0,0,0,0,2,1,2,0,2,1,1,3,3,1,3,0,0,1,3,0,4,0,0,2,5,3,1,2,1,2,0,1,0,0,1,1,0,4,1,0,3,2,1,0,0,3,2,0,2,2,1,0,1,0,0,0,2,2,3,2,2,0,4,0,1,0,2,2,2,0,0,0,1,2,0,0,0,1,2,3,1,0,0,0,0,2,0,3,1,0,1,0,1,0,0,1,0,0,2,0,0,1,0,2,1,0,0,1,2,1,3,0,0,3,0,6,2,0,2,3,0,1,2,0,3,0,2,0,0,4,2,1,0,1,4,2,1,1,0,0,0,1,2,0,4,2,2,2,0,1,1,0,0,1,0,0,2,4,0,3,3,0,1,0,1,0,0,3,0,0,1,0,1,2,2,4,2,1,1,3,5,0,2,1,0,0,0,3,2,3
222,2,2,1,1,0,3,2,1,0,0,0,1,0,0,1,1,2,0,0,3,2,0,1,0,1,1,0,1,1,2,0,0,1,1,0,0,0,0,6,1,1,0,0,5,1,3,0,1,0,2,1,4,0,2,1,2,0,0,0,0,6,7,1,0,2,0,1,2,1,1,1,0,3,0,0,1,3,1,0,0,0,5,1,3,0,2,2,0,2,0,0,0,3,0,0,3,1,0,1,1,1,0,0,1,1,0,1,4,1,0,1,1,0,1,2,1,0,1,1,0,3,1,1,0,3,0,0,0,0,5,3,4,0,1,1,0,0,0,0,0,1,0,1,0,0,2,1,1,1,1,0,2,1,4,2,1,2,0,0,4,0,3,2,0,0,4,2,2,1,1,3,2,4,1,1,2,4,1,0,3,0,2,1,1,2,3,1,0,0,2,1,3,0,3,0,0,2,2,0,0,3
223,3,2,2,0,3,1,1,0,4,3,2,1,0,0,0,1,0,1,0,3,2,1,0,0,3,0,0,0,4,1,1,0,1,2,0,1,1,0,0,2,1,1,1,1,0,0,0,1,0,3,0,2,0,0,1,0,0,1,1,3,3,0,0,0,0,0,0,3,0,3,2,1,0,4,1,1,0,1,1,1,0,1,1,0,2,4,1,1,0,3,1,1,3,4,2,1,1,0,0,1,0,1,0,0,1,0,0,0,0,0,1,0,0,4,3,3,3,1,0,0,2,1,1,0,2,1,0,1,0,0,4,1,1,0,3,0,1,0,1,0,1,1,0,0,0,1,1,2,0,2,0,1,2,0,0,1,1,5,0,0,2,1,0,0,5,1,2,2,1,0,3,0,2,1,0,0,1,0,2,2,1,0,3,0,3,1,0,0,0,1,2,1,1,2,0,1,1,0,0,1,3
224,5,2,0,0,1,1,0,0,0,6,0,2,2,0,2,1,1,2,0,1,1,0,0,2,0,0,0,0,1,3,0,1,1,0,0,1,0,3,0,3,2,0,1,0,0,0,2,0,1,4,1,2,2,0,0,0,1,0,0,1,2,0,0,1,0,0,1,1,0,2,0,4,0,5,2,2,3,0,0,1,0,3,0,0,2,1,1,1,1,3,0,0,0,2,0,2,0,0,2,0,1,2,2,0,2,0,0,0,1,1,0,5,0,5,1,0,0,0,0,0,6,3,0,0,1,0,2,0,0,1,0,0,1,2,2,2,2,0,2,0,1,0,1,0,2,1,3,0,2,1,0,0,1,2,0,2,1,4,2,0,0,2,6,0,8,0,1,2,1,0,1,1,4,1,1,0,0,1,6,2,1,1,0,0,0,0,2,2,1,2,0,0,0,2,0,4,0,0,0,1,3
225,0,0,0,0,1,0,2,2,0,0,0,4,0,1,0,2,0,1,4,2,0,0,2,2,0,0,2,1,0,1,4,0,0,0,1,1,0,0,1,0,0,0,0,0,0,2,0,6,0,1,1,2,0,1,1,0,1,0,0,0,0,2,0,0,0,0,3,13,1,0,2,0,0,1,0,1,1,0,0,2,0,1,0,1,0,5,0,0,0,4,5,1,1,2,0,0,0,0,2,0,0,0,0,0,0,1,0,0,0,2,0,0,1,3,0,0,1,1,0,0,5,0,3,0,4,0,0,0,0,1,2,0,0,1,3,0,0,1,2,0,1,1,0,0,1,0,0,0,2,1,4,6,1,0,0,1,3,1,2,0,0,2,0,2,0,0,3,1,1,0,0,0,0,1,1,0,0,6,2,0,0,2,1,0,0,0,1,0,0,0,4,2,0,2,0,0,0,0,0,0,3
226,1,1,2,0,0,2,0,1,1,0,0,1,2,1,1,6,0,0,1,0,0,2,3,0,5,2,0,0,1,2,0,0,0,1,0,1,4,0,1,4,0,0,0,0,1,1,0,1,0,1,0,5,4,1,0,1,1,0,0,0,0,2,1,1,0,0,1,2,1,0,1,0,0,4,2,0,3,0,0,1,2,0,0,0,1,4,0,0,0,7,0,0,1,0,0,0,0,1,0,1,2,1,3,0,0,0,0,0,1,1,1,0,1,1,1,2,0,2,1,0,1,0,0,0,1,2,2,1,0,1,2,1,2,0,4,2,13,1,2,0,3,0,0,1,2,3,4,0,2,0,1,0,1,0,1,0,3,1,2,2,0,0,2,0,4,2,1,0,4,0,3,2,2,1,0,0,2,0,0,1,3,0,0,0,0,1,2,0,2,1,1,5,8,0,0,1,1,1,0,1,3
227,1,1,1,1,2,2,1,0,1,1,16,3,3,3,1,2,1,1,2,0,0,3,1,0,1,3,0,1,0,3,3,1,1,1,1,2,4,4,2,0,0,1,1,0,0,0,0,0,3,1,1,1,2,0,0,2,1,1,0,0,0,3,0,1,0,0,0,4,2,1,1,0,0,3,0,0,0,1,0,0,1,0,0,4,1,3,0,0,3,2,0,0,1,1,0,1,6,0,1,0,0,1,0,15,1,0,0,0,0,0,0,0,1,0,0,1,0,1,4,0,1,0,0,3,1,1,3,1,0,0,0,0,2,0,3,0,12,0,3,0,2,1,1,1,0,0,4,1,0,1,1,2,0,1,0,1,1,0,1,2,1,2,0,0,1,0,0,2,4,0,0,4,0,1,0,9,1,0,1,2,1,0,1,2,0,0,1,2,0,0,4,2,12,0,3,0,0,1,0,0,3
228,3,0,0,0,1,3,0,3,1,0,0,1,1,0,0,1,0,0,4,0,1,0,0,1,0,0,0,4,1,1,2,1,0,3,0,0,0,4,2,0,0,0,0,0,1,2,0,0,1,0,1,4,1,1,0,1,1,1,1,0,2,2,0,0,2,0,1,5,0,2,0,1,0,1,0,0,0,0,0,3,1,2,1,0,0,0,4,1,2,6,4,3,2,4,0,0,1,0,1,1,0,4,0,1,0,1,2,0,2,3,1,1,0,0,2,2,1,0,4,0,9,0,0,0,4,3,1,2,0,2,0,0,0,2,2,0,0,0,0,1,6,0,0,0,0,0,2,0,0,0,0,0,0,0,1,0,5,0,2,2,0,0,1,0,0,1,6,0,0,1,0,6,1,1,0,1,2,1,0,0,0,2,0,0,1,0,1,1,1,4,3,3,0,0,2,0,0,0,0,0,3
229,1,0,0,1,0,0,1,1,0,0,0,0,1,1,1,0,4,1,0,0,1,0,2,0,0,0,1,2,0,0,0,1,0,1,0,0,1,3,0,0,0,0,0,0,0,1,0,0,0,0,1,1,1,0,0,0,0,0,0,1,0,0,0,1,0,0,1,9,0,0,1,0,0,0,0,0,0,0,0,0,0,0,0,0,0,0,0,0,1,0,0,0,3,1,1,0,0,1,0,3,0,0,0,0,1,1,0,0,0,0,0,0,1,2,0,0,0,1,7,1,3,0,2,1,1,4,1,3,0,2,0,2,0,0,0,0,1,0,1,0,0,2,0,0,0,0,0,0,1,2,0,0,1,1,1,0,1,0,0,1,0,0,0,0,0,2,2,2,0,0,0,2,0,3,0,1,0,2,0,1,0,0,0,0,0,1,1,0,0,1,11,0,0,0,6,0,0,0,0,0,3
230,0,0,1,0,0,1,0,0,2,0,0,4,4,2,2,1,2,0,0,0,0,0,6,0,1,0,0,0,0,2,0,0,0,2,1,0,2,0,0,2,0,4,1,1,3,0,0,1,2,0,0,6,0,0,0,0,1,0,2,2,1,1,0,1,5,1,1,6,3,0,0,0,0,4,3,2,4,0,1,0,1,1,0,2,0,2,4,0,0,9,0,1,2,1,0,0,0,2,1,1,0,1,0,2,0,0,2,0,0,0,2,0,0,0,0,1,3,1,6,0,13,2,0,2,5,0,0,1,0,5,1,1,1,0,2,1,0,2,1,0,5,0,1,0,2,2,0,1,0,4,0,0,0,0,2,1,9,1,0,1,0,0,4,1,5,0,2,0,2,1,4,3,0,1,1,0,2,0,1,0,1,1,0,0,0,0,4,0,0,0,5,5,0,2,1,0,1,1,0,0,3
231,0,0,5,0,0,1,1,0,0,1,7,3,1,0,3,1,1,1,1,1,3,7,4,3,3,4,0,0,3,1,0,0,0,0,0,1,1,0,6,6,0,0,1,0,0,1,0,1,4,0,1,2,3,0,0,2,1,0,2,1,4,6,0,1,1,0,2,5,1,0,0,0,0,2,0,1,1,0,0,1,2,3,0,1,0,4,1,0,2,9,0,0,0,2,1,2,8,0,1,0,1,0,0,6,1,0,2,1,0,1,0,0,1,1,0,0,1,1,9,0,6,0,2,1,8,3,1,0,0,7,1,1,1,0,3,2,0,0,0,0,5,0,1,0,1,3,1,0,2,0,2,0,0,0,3,2,1,2,0,3,1,3,0,1,1,0,2,1,2,1,1,3,0,1,1,2,2,0,0,1,1,6,0,0,0,0,2,2,1,4,9,5,0,2,6,0,0,0,2,0,3
232,0,0,0,0,0,1,2,1,1,0,1,2,0,0,1,1,0,2,0,0,0,0,2,1,1,0,1,0,0,1,0,0,0,0,0,2,1,2,2,1,0,0,0,0,1,1,0,0,2,1,0,1,0,0,1,0,0,1,0,0,0,1,0,0,0,0,2,0,0,1,0,0,0,1,1,0,2,0,0,1,0,1,0,0,1,1,1,0,2,3,0,0,0,0,0,0,0,0,1,0,1,0,0,0,1,1,1,0,0,3,0,0,1,0,1,0,0,3,0,1,4,1,0,0,0,0,0,0,0,1,0,1,0,0,1,0,0,2,0,0,4,0,2,0,0,3,1,0,0,0,1,0,0,0,0,1,3,0,1,2,0,0,0,0,0,0,1,0,2,1,1,1,0,0,0,1,1,0,1,0,0,0,1,0,1,0,1,0,1,3,0,0,0,0,0,0,0,0,0,0,3
233,1,0,1,0,1,1,0,0,0,0,1,3,1,0,0,1,2,0,1,2,2,6,0,1,4,1,1,0,2,1,1,3,3,4,1,1,0,0,4,1,2,0,2,1,0,1,3,0,2,2,1,2,0,1,0,1,3,1,0,2,0,0,0,0,1,0,1,4,1,2,2,0,2,2,4,1,1,0,0,0,1,2,0,0,2,2,2,1,3,1,0,0,1,3,3,0,2,2,0,0,3,0,0,0,4,0,1,0,1,1,0,3,0,3,1,2,2,2,4,1,1,1,0,0,8,0,2,3,0,1,1,0,2,0,5,0,0,0,2,1,3,1,0,0,1,3,0,1,0,1,3,0,2,1,0,1,2,5,0,0,0,0,0,1,0,2,6,1,1,0,2,3,2,1,0,1,0,4,0,0,0,1,0,2,3,1,1,1,1,1,3,3,0,0,4,3,1,1,0,0,3
234,0,1,5,0,0,0,0,3,1,3,1,0,0,2,0,4,3,1,0,1,4,5,1,0,6,3,0,0,0,2,0,4,1,1,0,3,5,0,0,1,2,0,2,2,0,1,0,1,3,1,0,3,0,0,0,1,2,2,0,1,0,0,1,2,1,0,1,3,1,1,1,3,0,1,0,0,1,3,2,0,1,1,0,1,1,1,1,2,3,1,0,1,2,0,2,2,6,2,0,0,0,1,1,4,1,1,1,0,0,1,2,1,1,1,0,2,2,3,3,0,5,2,1,0,2,0,3,2,0,2,2,0,1,0,1,0,2,0,1,0,0,0,1,0,1,3,0,4,3,1,0,1,3,1,5,2,1,5,0,3,4,0,0,0,0,0,2,0,0,1,0,2,2,1,0,3,2,2,2,2,1,1,2,0,2,2,0,2,1,0,2,3,2,2,2,3,0,0,6,2,3
235,0,0,1,0,0,0,0,1,1,0,0,0,1,0,0,0,0,0,2,0,0,0,0,0,0,0,0,1,0,0,0,0,3,0,0,0,1,2,0,0,0,0,0,0,1,3,0,1,0,0,1,1,0,0,3,0,0,0,1,0,1,1,0,0,2,0,0,2,0,1,0,0,0,0,0,0,5,0,0,0,0,0,0,0,0,0,3,0,0,1,0,0,2,1,0,0,0,0,0,1,0,0,0,0,1,0,1,0,0,0,0,0,0,0,1,0,0,1,4,0,4,0,0,0,2,1,0,1,1,1,0,1,0,1,0,1,0,0,0,0,0,1,1,0,1,0,3,0,0,0,1,1,0,0,0,1,0,0,0,1,0,0,0,1,0,0,1,0,2,0,0,1,1,0,0,0,1,0,0,0,0,0,0,0,0,0,0,0,0,0,14,0,0,1,1,0,0,0,0,0,3
236,0,0,3,0,0,1,3,0,0,0,8,2,1,0,0,5,0,0,1,0,1,2,0,1,3,0,1,0,0,1,1,0,0,1,0,0,0,4,2,3,0,1,0,0,3,0,1,1,3,2,0,9,1,0,0,0,4,0,1,1,5,1,0,1,1,2,4,5,3,0,2,0,0,5,0,0,1,1,1,0,0,0,1,1,1,4,5,0,5,6,0,0,3,4,1,0,2,1,0,0,1,0,0,5,1,0,0,0,1,0,0,0,0,2,0,0,0,0,9,0,6,5,0,0,3,1,4,1,1,7,0,1,0,1,4,0,2,0,3,0,4,0,1,0,2,0,3,0,0,0,0,2,0,1,2,0,2,2,0,0,0,0,0,2,2,0,1,0,3,1,1,8,0,1,1,9,1,1,0,0,1,0,0,1,0,1,1,1,1,0,4,8,1,0,0,0,0,0,0,0,3
237,1,1,0,0,0,1,0,8,0,0,1,1,0,0,5,0,1,3,0,0,0,2,2,0,1,0,0,0,0,0,0,0,0,4,0,0,0,2,1,1,0,5,0,0,0,2,0,4,4,0,0,3,0,4,0,1,0,1,1,0,0,6,0,0,0,0,1,1,2,0,0,0,0,0,0,0,0,0,0,0,0,5,0,0,1,0,0,0,0,1,0,1,0,1,1,0,0,0,0,0,0,2,0,1,1,1,6,0,0,5,1,1,0,3,0,0,0,0,3,0,5,1,1,0,1,1,0,0,13,2,1,1,1,1,0,0,0,6,0,1,0,6,0,0,1,1,0,0,0,1,0,2,1,1,1,0,5,0,3,3,0,2,0,1,0,0,0,1,1,2,0,0,1,0,0,0,0,3,0,0,0,0,0,0,0,0,0,0,5,4,7,0,0,0,1,0,0,0,0,0,3
238,1,1,2,0,1,2,0,1,1,0,1,1,1,0,0,1,0,1,0,1,3,1,2,2,3,0,2,0,1,1,2,1,2,2,0,2,1,3,4,2,2,0,0,7,2,2,1,1,2,0,5,2,3,1,0,4,0,0,1,0,1,0,1,0,0,0,0,8,1,0,0,5,6,3,0,0,3,0,0,0,4,5,0,4,0,1,4,2,5,3,0,1,5,0,3,2,1,1,0,0,6,0,1,0,1,0,0,13,3,0,1,0,1,0,0,3,1,1,2,0,5,1,0,4,1,2,0,1,0,5,3,8,0,2,3,0,0,1,0,1,0,0,1,0,0,5,0,0,1,0,0,0,0,5,0,4,3,3,0,4,0,1,0,4,0,0,6,0,0,0,2,1,0,0,0,1,1,1,0,0,1,1,0,0,1,0,1,0,1,6,6,1,0,5,3,0,3,0,0,0,3
239,2,5,2,1,1,4,0,0,0,2,0,6,2,1,1,1,0,0,2,3,3,3,2,0,0,1,2,1,2,6,1,1,1,2,3,2,1,3,4,6,0,0,0,3,0,0,1,1,3,1,3,6,1,0,0,0,0,2,0,4,0,2,0,2,0,4,2,2,0,0,1,2,1,2,3,1,2,2,0,4,1,4,0,0,0,3,1,5,2,9,2,1,1,1,0,1,0,3,0,0,0,0,0,0,2,0,3,1,1,1,0,4,1,2,1,0,3,0,0,0,12,0,0,1,2,1,1,2,0,3,2,3,1,0,1,1,0,1,1,0,4,1,2,2,0,2,2,2,0,0,0,1,1,1,0,4,8,4,0,1,1,2,0,0,1,0,0,5,2,0,5,1,3,1,1,0,5,0,3,0,1,0,2,3,2,0,2,3,0,5,1,2,0,3,1,1,1,1,0,3,3
